name,type,座標(經緯度),營業時間
臺北市政府警察局,警察機構,"25.043890,121.509831",
中山分局,警察機構,"25.052609,121.522831",
中山一派出所,警察機構,"25.050007,121.521461",
中山二派出所,警察機構,"25.055917,121.523940",
圓山派出所,警察機構,"25.072735,121.523752",
長春路派出所,警察機構,"25.054658,121.536047",
長安東路派出所,警察機構,"25.048430,121.540570",
民權一派出所,警察機構,"25.059909,121.527979",
建國路派出所,警察機構,"25.068019,121.536016",
大直派出所,警察機構,"25.079549,121.544112",
大安分局,警察機構,"25.037849,121.533162",
羅斯福路派出所,警察機構,"25.011184,121.538832",
臥龍街派出所,警察機構,"25.017945,121.551929",
敦化南路派出所,警察機構,"25.038958,121.543927",
安和路派出所,警察機構,"25.032972,121.552107",
瑞安街派出所,警察機構,"25.031137,121.544994",
和平東路派出所,警察機構,"25.026631,121.530514",
新生南路派出所,警察機構,"25.037769,121.534057",
中正一分局,警察機構,"25.045206,121.517309",
忠孝西路派出所,警察機構,"25.045206,121.517309",
忠孝東路派出所,警察機構,"25.043669,121.527164",
仁愛路派出所,警察機構,"25.038981,121.522492",
介壽路派出所,警察機構,"25.040002,121.515502",
博愛路派出所,警察機構,"25.041733,121.511579",
中正二分局,警察機構,"25.031998,121.514033",
南海路派出所,警察機構,"25.031998,121.514033",
思源街派出所,警察機構,"25.015197,121.531924",
南昌路派出所,警察機構,"25.032322,121.516524",
泉州街派出所,警察機構,"25.024249,121.512195",
廈門街派出所,警察機構,"25.025834,121.517703",
文山二分局,警察機構,"24.992763,121.541098",
萬盛派出所,警察機構,"25.003900,121.538927",
景美派出所,警察機構,"24.992763,121.541098",
興隆派出所,警察機構,"25.001533,121.551190",
文山一分局,警察機構,"24.988750,121.563714",
木新派出所,警察機構,"24.982493,121.567308",
指南派出所,警察機構,"24.987314,121.577933",
萬芳派出所,警察機構,"25.002267,121.566815",
復興派出所,警察機構,"24.986813,121.547014",
木柵派出所,警察機構,"24.988750,121.563714",
南港分局,警察機構,"25.055226,121.594897",
玉成派出所,警察機構,"25.055226,121.594897",
舊莊派出所,警察機構,"25.038491,121.622533",
同德派出所,警察機構,"25.046075,121.585627",
南港派出所,警察機構,"25.054948,121.607170",
內湖分局,警察機構,"25.069275,121.589600",
康樂派出所,警察機構,"25.070374,121.618388",
東湖派出所,警察機構,"25.067447,121.612999",
文德派出所,警察機構,"25.066614,121.578937",
大湖派出所,警察機構,"25.084116,121.601373",
港墘派出所,警察機構,"25.078811,121.576697",
西湖派出所,警察機構,"25.079138,121.569334",
潭美派出所,警察機構,"25.055306,121.581598",
內湖派出所,警察機構,"25.082096,121.590151",
康寧派出所,警察機構,"25.081185,121.597533",
北投分局,警察機構,"25.133389,121.501338",
永明派出所,警察機構,"25.117852,121.516564",
竹子湖派出所,警察機構,"25.167487,121.540255",
公園派出所,警察機構,"25.148816,121.548612",
關渡派出所,警察機構,"25.122990,121.465967",
石牌派出所,警察機構,"25.109911,121.512519",
奇岩派出所,警察機構,"25.127662,121.507953",
大屯派出所,警察機構,"25.145565,121.493267",
光明派出所,警察機構,"25.137349,121.504223",
長安派出所,警察機構,"25.133389,121.501338",
士林分局,警察機構,"25.090485,121.526702",
翠山派出所,警察機構,"25.108129,121.560273",
後港派出所,警察機構,"25.087419,121.518052",
山仔后派出所,警察機構,"25.137283,121.546350",
永福派出所,警察機構,"25.101806,121.540474",
溪山派出所,警察機構,"25.119714,121.584557",
芝山岩派出所,警察機構,"25.101130,121.537876",
天母派出所,警察機構,"25.125108,121.532963",
蘭雅派出所,警察機構,"25.106660,121.524742",
社子派出所,警察機構,"25.089217,121.504592",
文林派出所,警察機構,"25.090485,121.526702",
信義分局,警察機構,"25.033169,121.567707",
六張犁派出所,警察機構,"25.023674,121.555199",
吳興街派出所,警察機構,"25.026571,121.563998",
福德街派出所,警察機構,"25.037725,121.581973",
五分埔派出所,警察機構,"25.045681,121.575864",
三張犁派出所,警察機構,"25.033169,121.567707",
松山分局,警察機構,"25.051321,121.547967",
民有派出所,警察機構,"25.061765,121.548077",
三民派出所,警察機構,"25.059287,121.562907",
東社派出所,警察機構,"25.056742,121.551413",
中崙派出所,警察機構,"25.048369,121.545169",
松山派出所,警察機構,"25.049862,121.577251",
大同分局,警察機構,"25.059508,121.515001",
建成派出所,警察機構,"25.052769,121.517353",
民生西路派出所,警察機構,"25.059249,121.512075",
延平派出所,警察機構,"25.052225,121.511737",
重慶北路派出所,警察機構,"25.075474,121.513550",
寧夏路派出所,警察機構,"25.059508,121.515001",
民族路派出所,警察機構,"25.068808,121.513527",
萬華分局,警察機構,"25.045126,121.502888",
青年路派出所,警察機構,"25.021941,121.502154",
東園街派出所,警察機構,"25.021215,121.495793",
西園路派出所,警察機構,"25.028179,121.495624",
莒光派出所,警察機構,"25.031099,121.502702",
華江派出所,警察機構,"25.034472,121.493251",
大理街派出所,警察機構,"25.034407,121.498268",
康定路派出所,警察機構,"25.035102,121.500401",
龍山派出所,警察機構,"25.038601,121.499611",
西門町派出所,警察機構,"25.045126,121.502888",
華山分隊,消防機構,"25.047266,121.520821",
忠孝分隊,消防機構,"25.043678,121.527069",
泉州分隊,消防機構,"25.024608,121.512452",
古亭分隊,消防機構,"25.011690,121.537603",
城中分隊,消防機構,"25.046940,121.513436",
雙園分隊,消防機構,"25.028809,121.495495",
龍山分隊,消防機構,"25.038583,121.499330",
萬芳分隊,消防機構,"25.002067,121.566449",
景美分隊,消防機構,"24.992303,121.541184",
木柵分隊,消防機構,"24.988808,121.563407",
寶橋分隊,消防機構,"24.979902,121.554897",
金華分隊,消防機構,"25.032499,121.527754",
安和分隊,消防機構,"25.032906,121.552262",
復興分隊,消防機構,"25.030060,121.543291",
南港分隊,消防機構,"25.054666,121.607266",
舊莊分隊,消防機構,"25.045072,121.615285",
成德分隊,消防機構,"25.047797,121.586698",
信義分隊,消防機構,"25.040807,121.568747",
永吉分隊,消防機構,"25.045527,121.569185",
莊敬分隊,消防機構,"25.029797,121.565219",
大直分隊,消防機構,"25.080007,121.556696",
松江分隊,消防機構,"25.047509,121.533933",
建國分隊,消防機構,"25.067833,121.535885",
搜救犬訓練基地,消防機構,"25.072496,121.549416",
圓山分隊,消防機構,"25.068516,121.529177",
八德分隊,消防機構,"25.048539,121.562966",
中崙分隊,消防機構,"25.048377,121.545840",
東湖分隊,消防機構,"25.067472,121.612919",
大湖分隊,消防機構,"25.083885,121.601650",
內湖分隊,消防機構,"25.069513,121.590369",
民權分隊,消防機構,"25.066890,121.577709",
建成分隊,消防機構,"25.054751,121.518246",
延平分隊,消防機構,"25.050233,121.511369",
大同分隊,消防機構,"25.061474,121.513735",
山仔后分隊,消防機構,"25.133855,121.545674",
天母分隊,消防機構,"25.125262,121.532902",
福安分隊,消防機構,"25.096353,121.496689",
社子分隊,消防機構,"25.079096,121.511489",
劍潭分隊,消防機構,"25.089936,121.527654",
雙溪分隊,消防機構,"25.097620,121.544680",
後港分隊,消防機構,"25.087333,121.518046",
陽明山分隊,消防機構,"25.151573,121.546645",
光明分隊,消防機構,"25.135154,121.502469",
關渡分隊,消防機構,"25.123056,121.466670",
石牌分隊,消防機構,"25.117942,121.516906",
秀山分隊,消防機構,"25.145280,121.492899",
全家新德店,便利商店(全家),"25.044475,121.531597",
全家台大醫院店,便利商店(全家),"25.040793,121.518534",
全家新惠安店,便利商店(全家),"25.029530,121.506467",
全家南機場店,便利商店(全家),"25.028401,121.505774",
全家高鐵一店,便利商店(全家),"25.047203,121.517044",
全家高鐵二店,便利商店(全家),"25.047203,121.517044",
全家台鐵西店,便利商店(全家),"25.047203,121.517044",
全家台鐵北店,便利商店(全家),"25.047203,121.517044",
全家台鐵二店,便利商店(全家),"25.047203,121.517044",
全家台鐵南店,便利商店(全家),"25.047203,121.517044",
全家台鐵東店,便利商店(全家),"25.047203,121.517044",
全家台鐵一店,便利商店(全家),"25.047203,121.517044",
全家新龍口店,便利商店(全家),"25.027225,121.510372",
全家金門店,便利商店(全家),"25.022299,121.523802",
全家新廈門店,便利商店(全家),"25.025318,121.517592",
全家公館店,便利商店(全家),"25.013659,121.534399",
全家文盛店,便利商店(全家),"25.015119,121.532452",
全家新水源店,便利商店(全家),"25.013186,121.534540",
全家辛館店,便利商店(全家),"25.019074,121.527913",
全家和鄰店,便利商店(全家),"25.026387,121.518738",
全家郡王店,便利商店(全家),"25.044961,121.510301",
全家寶慶店,便利商店(全家),"25.041885,121.509561",
全家和醫店,便利商店(全家),"25.035301,121.507736",
全家亞慶店,便利商店(全家),"25.046308,121.515803",
全家凱撒店,便利商店(全家),"25.046254,121.516417",
全家鴻啟店,便利商店(全家),"25.047165,121.512733",
全家崇聖店,便利商店(全家),"25.045747,121.518491",
全家台北地下街店,便利商店(全家),"25.046910,121.516746",
全家北車捷運店,便利商店(全家),"25.046481,121.517243",
全家北車店,便利商店(全家),"25.046330,121.517916",
全家善導寺店,便利商店(全家),"25.044951,121.523659",
全家兆豐店,便利商店(全家),"25.043140,121.530909",
全家忠孝新生店,便利商店(全家),"25.041828,121.531580",
全家福邦店,便利商店(全家),"25.042543,121.526566",
全家文祥店,便利商店(全家),"25.035943,121.524657",
全家林森南路店,便利商店(全家),"25.039944,121.522046",
全家北盛店,便利商店(全家),"25.045030,121.517587",
全家青島東路店,便利商店(全家),"25.043868,121.522461",
全家南陽店,便利商店(全家),"25.044774,121.516203",
全家東正店,便利商店(全家),"25.038368,121.519306",
全家南海店,便利商店(全家),"25.032433,121.517011",
全家正陽店,便利商店(全家),"25.045711,121.516304",
全家重慶店,便利商店(全家),"25.043947,121.513060",
全家台六宿舍店,便利商店(全家),"25.041041,121.521497",
全家昌盛店,便利商店(全家),"25.045438,121.516757",
全家博愛店,便利商店(全家),"25.044256,121.511551",
全家開封店,便利商店(全家),"25.046144,121.512513",
全家嶺先店,便利商店(全家),"25.023508,121.519100",
全家教育大學店,便利商店(全家),"25.035578,121.513569",
全家漢盛店,便利商店(全家),"25.045099,121.514384",
全家福昌店,便利商店(全家),"25.029407,121.519789",
全家機場捷運店,便利商店(全家),"25.049401,121.512762",
全家新衡陽店,便利商店(全家),"25.042355,121.511054",
全家衡慶店,便利商店(全家),"25.042415,121.513718",
全家新仟囍店,便利商店(全家),"25.044561,121.514898",
全家齊東店,便利商店(全家),"25.041596,121.526814",
全家富陽店,便利商店(全家),"25.043519,121.515838",
全家西站店,便利商店(全家),"25.046208,121.514268",
全家羅斯店,便利商店(全家),"25.027640,121.521717",
全家羅安店,便利商店(全家),"25.025919,121.523010",
全家金安店,便利商店(全家),"25.023396,121.524883",
全家羅館店,便利商店(全家),"25.016935,121.530802",
全家館中店,便利商店(全家),"25.015748,121.532600",
全家大龍店,便利商店(全家),"25.067372,121.516045",
全家蘭州店,便利商店(全家),"25.070586,121.515924",
全家泰元店,便利商店(全家),"25.051883,121.515690",
全家太陽店,便利商店(全家),"25.055294,121.516696",
全家萬全店,便利商店(全家),"25.057725,121.520117",
全家福澤店,便利商店(全家),"25.062778,121.515817",
全家權澤店,便利商店(全家),"25.062732,121.517087",
全家赤峰店,便利商店(全家),"25.056031,121.519639",
全家永樂店,便利商店(全家),"25.060382,121.511226",
全家新橋店,便利商店(全家),"25.064474,121.511223",
全家國順店,便利商店(全家),"25.067306,121.510818",
全家龍泉店,便利商店(全家),"25.070552,121.510708",
全家京承店,便利商店(全家),"25.050731,121.517227",
全家日新店,便利商店(全家),"25.055037,121.518404",
全家福安店,便利商店(全家),"25.050123,121.519855",
全家玉泉店,便利商店(全家),"25.051929,121.510229",
全家長慶店,便利商店(全家),"25.051645,121.513331",
全家福山店,便利商店(全家),"25.050434,121.519947",
全家金慶店,便利商店(全家),"25.053915,121.513337",
全家京鋒店,便利商店(全家),"25.053089,121.519086",
全家迪化街店,便利商店(全家),"25.054903,121.509980",
全家迪化店,便利商店(全家),"25.055128,121.509930",
全家慶權店,便利商店(全家),"25.062749,121.513745",
全家龍昌店,便利商店(全家),"25.074338,121.514062",
全家慶國店,便利商店(全家),"25.072793,121.513584",
全家酒泉店,便利商店(全家),"25.071835,121.518297",
全家鑫泉店,便利商店(全家),"25.072254,121.511208",
全家寧夏店,便利商店(全家),"25.055823,121.515108",
全家甘州店,便利商店(全家),"25.058305,121.513038",
全家京江店,便利商店(全家),"25.052696,121.531373",
全家直學店,便利商店(全家),"25.080829,121.546531",
全家大直店,便利商店(全家),"25.082196,121.546504",
全家市民店,便利商店(全家),"25.048510,121.520695",
全家六條通店,便利商店(全家),"25.050330,121.524574",
全家東南店,便利商店(全家),"25.056609,121.522565",
全家柯達飯店,便利商店(全家),"25.052871,121.523174",
全家中賓店,便利商店(全家),"25.056037,121.522976",
全家聚葉店,便利商店(全家),"25.061609,121.525065",
全家新國賓店,便利商店(全家),"25.057487,121.523072",
全家台鑫店,便利商店(全家),"25.055228,121.522496",
全家新吉原店,便利商店(全家),"25.056510,121.528746",
全家錦原店,便利商店(全家),"25.060968,121.529006",
全家五常店,便利商店(全家),"25.065510,121.539687",
全家日津店,便利商店(全家),"25.050165,121.523071",
全家美華店,便利商店(全家),"25.084952,121.556154",
全家永安店,便利商店(全家),"25.082873,121.549469",
全家新北鄰店,便利商店(全家),"25.078927,121.546273",
全家松平店,便利商店(全家),"25.053789,121.532316",
全家雙全店,便利商店(全家),"25.057589,121.520890",
全家新馬偕店,便利商店(全家),"25.057875,121.521051",
全家福泰店,便利商店(全家),"25.057944,121.524275",
全家玉林店,便利商店(全家),"25.058711,121.525095",
全家民佳店,便利商店(全家),"25.058134,121.535821",
全家民族店,便利商店(全家),"25.066772,121.539542",
全家民權西路店,便利商店(全家),"25.063023,121.521138",
全家中山民權店,便利商店(全家),"25.062598,121.521246",
全家新吉林店,便利商店(全家),"25.062375,121.530030",
全家錦民店,便利商店(全家),"25.061138,121.534897",
全家江寧店,便利商店(全家),"25.062200,121.542647",
全家長通店,便利商店(全家),"25.054092,121.534701",
全家金通店,便利商店(全家),"25.051541,121.534620",
全家德惠店,便利商店(全家),"25.066734,121.530302",
全家合江店,便利商店(全家),"25.059271,121.539236",
全家朱崙店,便利商店(全家),"25.050058,121.542348",
全家明水店,便利商店(全家),"25.080138,121.551168",
全家復林店,便利商店(全家),"25.051540,121.525374",
全家金林店,便利商店(全家),"25.050426,121.525082",
全家長林店,便利商店(全家),"25.049799,121.526742",
全家林慶店,便利商店(全家),"25.057878,121.525365",
全家錦富店,便利商店(全家),"25.060015,121.525412",
全家新林森店,便利商店(全家),"25.067598,121.525590",
全家金漾店,便利商店(全家),"25.056151,121.525358",
全家新錦林店,便利商店(全家),"25.059393,121.526173",
全家欣城店,便利商店(全家),"25.054139,121.525557",
全家新林森北路店,便利商店(全家),"25.050269,121.526838",
全家長松店,便利商店(全家),"25.048275,121.532721",
全家松江南京店,便利商店(全家),"25.052743,121.532728",
全家松好店,便利商店(全家),"25.048681,121.533153",
全家松國店,便利商店(全家),"25.066763,121.533457",
全家松京店,便利商店(全家),"25.052360,121.532796",
全家權勝店,便利商店(全家),"25.063798,121.532988",
全家松茂店,便利商店(全家),"25.053603,121.533337",
全家光華店,便利商店(全家),"25.047040,121.532700",
全家正義店,便利商店(全家),"25.048823,121.526468",
全家本部店,便利商店(全家),"25.048538,121.534908",
全家遼寧店,便利商店(全家),"25.048204,121.542416",
全家春北店,便利商店(全家),"25.054476,121.543757",
全家長春店,便利商店(全家),"25.054812,121.525761",
全家欣欣店,便利商店(全家),"25.054817,121.527918",
全家長賓店,便利商店(全家),"25.055046,121.523934",
全家中山捷運站店,便利商店(全家),"25.052442,121.520266",
全家京林店,便利商店(全家),"25.051889,121.530705",
全家鑫興亞店,便利商店(全家),"25.051890,121.528621",
全家京貿店,便利商店(全家),"25.052193,121.538356",
全家建國北路店,便利商店(全家),"25.051262,121.536356",
全家建錦店,便利商店(全家),"25.060200,121.537320",
全家欣濱江店,便利商店(全家),"25.066304,121.536061",
全家新衡山店,便利商店(全家),"25.083917,121.538093",
全家新復店,便利商店(全家),"25.066095,121.542588",
全家復崙店,便利商店(全家),"25.049251,121.543749",
全家金復店,便利商店(全家),"25.060392,121.543957",
全家南京復興店,便利商店(全家),"25.053173,121.543789",
全家復德店,便利商店(全家),"25.045308,121.543662",
全家鑫通店,便利商店(全家),"25.050605,121.527818",
全家美林店,便利商店(全家),"25.056139,121.525868",
全家新農店,便利商店(全家),"25.064808,121.526198",
全家新晴店,便利商店(全家),"25.064891,121.523060",
全家松農店,便利商店(全家),"25.064609,121.533959",
全家農安店,便利商店(全家),"25.064790,121.534926",
全家光輝店,便利商店(全家),"25.066585,121.526479",
全家新德城店,便利商店(全家),"25.066625,121.524672",
全家德林店,便利商店(全家),"25.066680,121.531905",
全家撫順店,便利商店(全家),"25.063558,121.520853",
全家樂群店,便利商店(全家),"25.079595,121.558474",
全家美麗店,便利商店(全家),"25.079748,121.556824",
全家時代廣場店,便利商店(全家),"25.081236,121.560663",
全家興安店,便利商店(全家),"25.056201,121.542324",
全家錦江店,便利商店(全家),"25.060419,121.532157",
全家新北大店,便利商店(全家),"25.060303,121.542451",
全家錦西店,便利商店(全家),"25.060275,121.521667",
全家中興店,便利商店(全家),"25.056277,121.540605",
全家鑫豐店,便利商店(全家),"25.065936,121.537996",
全家新南京店,便利商店(全家),"25.051424,121.540555",
全家榮星店,便利商店(全家),"25.065891,121.540849",
全家龍京店,便利商店(全家),"25.052669,121.540322",
全家雙城店,便利商店(全家),"25.064541,121.524221",
全家雙林店,便利商店(全家),"25.063211,121.524311",
全家金磚店,便利商店(全家),"25.065333,121.524514",
全家鑫德店,便利商店(全家),"25.048073,121.546570",
全家台發店,便利商店(全家),"25.048110,121.551527",
全家鑫中崙店,便利商店(全家),"25.046104,121.552401",
全家松慈店,便利商店(全家),"25.049901,121.576343",
全家寶清店,便利商店(全家),"25.049818,121.572405",
全家復盛店,便利商店(全家),"25.048254,121.559211",
全家三富店,便利商店(全家),"25.061049,121.563339",
全家京民店,便利商店(全家),"25.052166,121.563917",
全家常興店,便利商店(全家),"25.064245,121.544865",
全家微風店,便利商店(全家),"25.045349,121.546099",
全家豐興店,便利商店(全家),"25.056968,121.547117",
全家豐禾店,便利商店(全家),"25.056974,121.546337",
全家豐華店,便利商店(全家),"25.058587,121.546023",
全家昇東店,便利商店(全家),"25.059231,121.566063",
全家東豐店,便利商店(全家),"25.058545,121.556890",
全家富泰店,便利商店(全家),"25.058297,121.564708",
全家松民店,便利商店(全家),"25.059087,121.562479",
全家鑫民復店,便利商店(全家),"25.057583,121.553120",
全家中央店,便利商店(全家),"25.058141,121.551972",
全家興北店,便利商店(全家),"25.063435,121.545049",
全家新民有店,便利商店(全家),"25.060729,121.547748",
全家復北店,便利商店(全家),"25.061904,121.544806",
全家冠德店,便利商店(全家),"25.062277,121.547623",
全家松指部店,便利商店(全家),"25.062161,121.555797",
全家大理店,便利商店(全家),"25.049846,121.559931",
全家新德光店,便利商店(全家),"25.046203,121.554312",
全家新大吉店,便利商店(全家),"25.049455,121.562659",
全家成福店,便利商店(全家),"25.044939,121.586378",
全家塔悠店,便利商店(全家),"25.057240,121.569051",
全家松壽店,便利商店(全家),"25.055360,121.562172",
全家長復店,便利商店(全家),"25.048365,121.544824",
全家力晶店,便利商店(全家),"25.051634,121.544801",
全家京萬店,便利商店(全家),"25.051994,121.547388",
全家新京吉店,便利商店(全家),"25.051190,121.563848",
全家新東寶店,便利商店(全家),"25.052267,121.566045",
全家新東光店,便利商店(全家),"25.052167,121.560674",
全家大盛店,便利商店(全家),"25.050865,121.560515",
全家京盛店,便利商店(全家),"25.051387,121.553896",
全家新健康店,便利商店(全家),"25.053172,121.555215",
全家京兆店,便利商店(全家),"25.051795,121.555296",
全家小巨蛋二店,便利商店(全家),"25.051356,121.549954",
全家巨星超市店,便利商店(全家),"25.051484,121.550725",
全家京鑽店,便利商店(全家),"25.051937,121.550849",
全家民康店,便利商店(全家),"25.054369,121.564113",
全家康寶店,便利商店(全家),"25.054091,121.566094",
全家康柏店,便利商店(全家),"25.053890,121.560983",
全家松醫店,便利商店(全家),"25.053463,121.557897",
全家富錦店,便利商店(全家),"25.061276,121.565374",
全家長城店,便利商店(全家),"25.054321,121.546151",
全家宏大店,便利商店(全家),"25.054240,121.549813",
全家敦中店,便利商店(全家),"25.050078,121.547321",
全家宏勝店,便利商店(全家),"25.054153,121.549442",
全家新東店,便利商店(全家),"25.057857,121.566145",
全家慶城店,便利商店(全家),"25.052639,121.544776",
全家大安店,便利商店(全家),"25.044141,121.546052",
全家仁慈店,便利商店(全家),"25.037197,121.546993",
全家明曜店,便利商店(全家),"25.040270,121.551641",
全家國泰店,便利商店(全家),"25.036529,121.553540",
全家忠愛店,便利商店(全家),"25.041075,121.545293",
全家敦新店,便利商店(全家),"25.036986,121.549707",
全家吉泰店,便利商店(全家),"25.037051,121.554598",
全家通昌店,便利商店(全家),"25.032471,121.553157",
全家安賢店,便利商店(全家),"25.028077,121.547787",
全家國父紀念館店,便利商店(全家),"25.039227,121.557407",
全家華視店,便利商店(全家),"25.042971,121.556553",
全家光新店,便利商店(全家),"25.036554,121.557358",
全家敦安店,便利商店(全家),"25.034028,121.550322",
全家安富店,便利商店(全家),"25.038461,121.551614",
全家和信店,便利商店(全家),"25.034182,121.552279",
全家樂和店,便利商店(全家),"25.028229,121.550109",
全家東方店,便利商店(全家),"25.032480,121.551667",
全家安居店,便利商店(全家),"25.019677,121.553268",
全家辛亥店,便利商店(全家),"25.021960,121.541159",
全家二繽店,便利商店(全家),"25.013779,121.552988",
全家臺師店,便利商店(全家),"25.026455,121.527571",
全家國立教育店,便利商店(全家),"25.024595,121.544659",
全家成功店,便利商店(全家),"25.025628,121.545014",
全家和東店,便利商店(全家),"25.024910,121.541721",
全家和新店,便利商店(全家),"25.025652,121.536242",
全家和復店,便利商店(全家),"25.025011,121.543861",
全家和茂店,便利商店(全家),"25.024421,121.548157",
全家延安二店,便利商店(全家),"25.040117,121.554689",
全家延孝店,便利商店(全家),"25.042343,121.554364",
全家昌隆店,便利商店(全家),"25.042420,121.539794",
全家正興店,便利商店(全家),"25.041264,121.541184",
全家忠孝光復店,便利商店(全家),"25.041184,121.556420",
全家忠孝延吉店,便利商店(全家),"25.041598,121.555907",
全家安勝店,便利商店(全家),"25.041848,121.550671",
全家統領店,便利商店(全家),"25.042227,121.551649",
全家龍普店,便利商店(全家),"25.040777,121.550574",
全家延吉店,便利商店(全家),"25.039620,121.553029",
全家頂好店,便利商店(全家),"25.041771,121.547055",
全家政大金華店,便利商店(全家),"25.030158,121.527597",
全家台興店,便利商店(全家),"25.016510,121.544954",
全家金信店,便利商店(全家),"25.033812,121.527498",
全家信美店,便利商店(全家),"25.033018,121.539331",
全家義興店,便利商店(全家),"25.033571,121.544079",
全家義安店,便利商店(全家),"25.032959,121.547266",
全家義和店,便利商店(全家),"25.033721,121.554171",
全家北科店,便利商店(全家),"25.043196,121.536994",
全家建南店,便利商店(全家),"25.041199,121.536914",
全家建國店,便利商店(全家),"25.028687,121.539218",
全家師大店,便利商店(全家),"25.023409,121.528574",
全家泰順店,便利商店(全家),"25.025327,121.531355",
全家台科店,便利商店(全家),"25.013757,121.540597",
全家通和店,便利商店(全家),"25.030322,121.553276",
全家復豪店,便利商店(全家),"25.035224,121.543370",
全家興忠店,便利商店(全家),"25.039691,121.543479",
全家興仁店,便利商店(全家),"25.039088,121.543939",
全家懷生店,便利商店(全家),"25.044151,121.543571",
全家復豐店,便利商店(全家),"25.036645,121.543869",
全家和鑫店,便利商店(全家),"25.021905,121.543194",
全家興和店,便利商店(全家),"25.028416,121.543710",
全家興南店,便利商店(全家),"25.032910,121.543332",
全家新敦民店,便利商店(全家),"25.043633,121.549718",
全家忠孝店,便利商店(全家),"25.042717,121.548158",
全家敦鼎店,便利商店(全家),"25.030195,121.549291",
全家新遠企店,便利商店(全家),"25.025590,121.549089",
全家新生南路店,便利商店(全家),"25.034333,121.532910",
全家新北科店,便利商店(全家),"25.044230,121.533139",
全家大森店,便利商店(全家),"25.034233,121.535966",
全家台新店,便利商店(全家),"25.018821,121.533496",
全家瑞和店,便利商店(全家),"25.026481,121.541701",
全家潮州店,便利商店(全家),"25.029094,121.524341",
全家濟南二店,便利商店(全家),"25.040241,121.533506",
全家臨江店,便利商店(全家),"25.029330,121.556974",
全家古亭店,便利商店(全家),"25.024673,121.524458",
全家羅中店,便利商店(全家),"25.028126,121.521912",
全家羅騰店,便利商店(全家),"25.019054,121.530781",
全家台盛店,便利商店(全家),"25.018358,121.531592",
全家臺福店,便利商店(全家),"25.017049,121.533648",
全家台大舟山店,便利商店(全家),"25.017049,121.533648",
全家台大楓林店,便利商店(全家),"25.017049,121.533648",
全家台一宿舍店,便利商店(全家),"25.017049,121.533648",
全家台大二活店,便利商店(全家),"25.012905,121.536463",
全家民和店,便利商店(全家),"25.026251,121.499845",
全家鑫都店,便利商店(全家),"25.042955,121.505574",
全家昌林店,便利商店(全家),"25.038189,121.500466",
全家萬園店,便利商店(全家),"25.035019,121.499378",
全家金園店,便利商店(全家),"25.031294,121.495164",
全家萬年店,便利商店(全家),"25.043553,121.506211",
全家西寧南路店,便利商店(全家),"25.047748,121.507453",
全家和西店,便利商店(全家),"25.035114,121.494543",
全家昆明店,便利商店(全家),"25.041328,121.504376",
全家成都店,便利商店(全家),"25.042832,121.504662",
全家廣明店,便利商店(全家),"25.039893,121.504263",
全家東園店,便利商店(全家),"25.026087,121.496441",
全家萬東店,便利商店(全家),"25.022403,121.498021",
全家鑫吉利店,便利商店(全家),"25.026846,121.495038",
全家長泰店,便利商店(全家),"25.023228,121.501383",
全家公園店,便利商店(全家),"25.025487,121.503943",
全家日祥店,便利商店(全家),"25.021150,121.502354",
全家新青年店,便利商店(全家),"25.026145,121.506166",
全家新峨嵋店,便利商店(全家),"25.044174,121.504043",
全家萬國店,便利商店(全家),"25.043509,121.507367",
全家桂林店,便利商店(全家),"25.037948,121.505071",
全家康定店,便利商店(全家),"25.040745,121.502188",
全家康陽店,便利商店(全家),"25.039668,121.502026",
全家康勝店,便利商店(全家),"25.042566,121.502300",
全家萬華車站店,便利商店(全家),"25.033550,121.500268",
全家康華店,便利商店(全家),"25.035447,121.501343",
全家新富民店,便利商店(全家),"25.018948,121.499250",
全家貴陽店,便利商店(全家),"25.040123,121.500542",
全家新武成店,便利商店(全家),"25.020386,121.495879",
全家萬大店,便利商店(全家),"25.030998,121.500386",
全家萬武店,便利商店(全家),"25.021173,121.495160",
全家萬明店,便利商店(全家),"25.046114,121.505510",
全家萬中店,便利商店(全家),"25.045322,121.508070",
全家漢中店,便利商店(全家),"25.041718,121.507281",
全家龍廣店,便利商店(全家),"25.036832,121.500410",
全家新廣州店,便利商店(全家),"25.036837,121.498563",
全家園寶店,便利商店(全家),"25.026402,121.491489",
全家環河店,便利商店(全家),"25.033876,121.490723",
全家綠堤店,便利商店(全家),"25.032933,121.492299",
全家環南店,便利商店(全家),"25.031478,121.490648",
全家寶元店,便利商店(全家),"25.027289,121.493322",
全家寶興店,便利商店(全家),"25.026085,121.494186",
全家大道店,便利商店(全家),"25.040795,121.582581",
全家信吉店,便利商店(全家),"25.044996,121.580781",
全家協和店,便利商店(全家),"25.042835,121.583348",
全家新中坡店,便利商店(全家),"25.040642,121.585062",
全家台北１０１店,便利商店(全家),"25.034089,121.563859",
全家厚雅店,便利商店(全家),"25.043129,121.568603",
全家永吉二店,便利商店(全家),"25.045758,121.573965",
全家光復南路店,便利商店(全家),"25.035201,121.557647",
全家復昌店,便利商店(全家),"25.032031,121.557596",
全家松創店,便利商店(全家),"25.043948,121.558136",
全家富興店,便利商店(全家),"25.028813,121.560954",
全家挹翠店,便利商店(全家),"25.020367,121.569823",
全家盛興店,便利商店(全家),"25.026098,121.565860",
全家北醫店,便利商店(全家),"25.026992,121.563840",
全家三興店,便利商店(全家),"25.031759,121.559466",
全家六張黎店,便利商店(全家),"25.019886,121.557550",
全家忠信店,便利商店(全家),"25.041055,121.575402",
全家忠美店,便利商店(全家),"25.040980,121.578449",
全家新忠隆店,便利商店(全家),"25.041790,121.567217",
全家松安店,便利商店(全家),"25.041042,121.577093",
全家國館捷運站店,便利商店(全家),"25.041134,121.557901",
全家大巨蛋店,便利商店(全家),"25.042315,121.559530",
全家大巨蛋２店,便利商店(全家),"25.042315,121.559530",
全家聯合店,便利商店(全家),"25.042342,121.563485",
全家松盛店,便利商店(全家),"25.046550,121.577956",
全家松傑店,便利商店(全家),"25.049183,121.578971",
全家松山車站店,便利商店(全家),"25.049183,121.578971",
全家南山廣場店,便利商店(全家),"25.034460,121.568126",
全家新安興店,便利商店(全家),"25.024843,121.569154",
全家永孝店,便利商店(全家),"25.043596,121.572108",
全家建鑫店,便利商店(全家),"25.035583,121.567833",
全家新信德店,便利商店(全家),"25.032440,121.574732",
全家信安店,便利商店(全家),"25.034506,121.573714",
全家新松林店,便利商店(全家),"25.046286,121.577066",
全家欣富台店,便利商店(全家),"25.042269,121.574119",
全家忠林店,便利商店(全家),"25.039201,121.576493",
全家永林店,便利商店(全家),"25.043395,121.576217",
全家海華店,便利商店(全家),"25.040292,121.574071",
全家祥和店,便利商店(全家),"25.024201,121.570420",
全家松仁店,便利商店(全家),"25.028444,121.568813",
全家松友店,便利商店(全家),"25.035288,121.576969",
全家新貿店,便利商店(全家),"25.033272,121.558895",
全家永隆店,便利商店(全家),"25.042500,121.566140",
全家財盛店,便利商店(全家),"25.028657,121.557184",
全家崇德店,便利商店(全家),"25.024369,121.553809",
全家莊新店,便利商店(全家),"25.028456,121.563374",
全家莊敬店,便利商店(全家),"25.027550,121.564895",
全家景聯店,便利商店(全家),"25.030796,121.561130",
全家逸鑫店,便利商店(全家),"25.040385,121.563068",
全家廣慈店,便利商店(全家),"25.038416,121.581320",
全家芝玉店,便利商店(全家),"25.112312,121.537537",
全家新士誠店,便利商店(全家),"25.112016,121.528810",
全家大東店,便利商店(全家),"25.090099,121.525481",
全家新天地店,便利商店(全家),"25.089102,121.517584",
全家華港店,便利商店(全家),"25.088416,121.520864",
全家大南店,便利商店(全家),"25.089397,121.524860",
全家金天玉店,便利商店(全家),"25.121942,121.530611",
全家士林店,便利商店(全家),"25.097656,121.527119",
全家榮富店,便利商店(全家),"25.115084,121.527949",
全家天強店,便利商店(全家),"25.108973,121.525443",
全家仰德大樓店,便利商店(全家),"25.104987,121.524985",
全家士商店,便利商店(全家),"25.091758,121.518068",
全家福林店,便利商店(全家),"25.095188,121.525986",
全家新磺溪店,便利商店(全家),"25.118386,121.525882",
全家天山店,便利商店(全家),"25.119814,121.533408",
全家天成店,便利商店(全家),"25.117927,121.532665",
全家新光醫院店,便利商店(全家),"25.096316,121.520296",
全家大北店,便利商店(全家),"25.092366,121.526144",
全家後花園店,便利商店(全家),"25.131497,121.576274",
全家中影店,便利商店(全家),"25.097101,121.544754",
全家至善店,便利商店(全家),"25.100569,121.551115",
全家和豐店,便利商店(全家),"25.082825,121.519358",
全家社子島店,便利商店(全家),"25.105874,121.483417",
全家新延店,便利商店(全家),"25.083959,121.509849",
全家葫蘆店,便利商店(全家),"25.085598,121.509472",
全家誠德店,便利商店(全家),"25.108804,121.530597",
全家新蘭雅店,便利商店(全家),"25.110850,121.530370",
全家忠旺店,便利商店(全家),"25.115164,121.532747",
全家永新店,便利商店(全家),"25.087679,121.507950",
全家社中店,便利商店(全家),"25.092291,121.503420",
全家鑫社店,便利商店(全家),"25.092141,121.506306",
全家社正店,便利商店(全家),"25.088718,121.509558",
全家致昇店,便利商店(全家),"25.102178,121.529165",
全家大港店,便利商店(全家),"25.084857,121.521431",
全家福港店,便利商店(全家),"25.085188,121.517764",
全家天文店,便利商店(全家),"25.097076,121.519482",
全家新葫東店,便利商店(全家),"25.084574,121.511961",
全家新格致店,便利商店(全家),"25.137716,121.546313",
全家基河店,便利商店(全家),"25.088709,121.523101",
全家通河店,便利商店(全家),"25.081014,121.520657",
全家新文大店,便利商店(全家),"25.137530,121.540320",
全家美崙店,便利商店(全家),"25.097177,121.523182",
全家百齡店,便利商店(全家),"25.087199,121.517616",
全家芝興店,便利商店(全家),"25.104545,121.521511",
全家新芝蘭店,便利商店(全家),"25.109939,121.535760",
全家德忠店,便利商店(全家),"25.110002,121.528485",
全家德行店,便利商店(全家),"25.107915,121.528311",
全家三合店,便利商店(全家),"25.126936,121.504239",
全家崇合店,便利商店(全家),"25.126239,121.501171",
全家大同店,便利商店(全家),"25.132132,121.497258",
全家大業店,便利商店(全家),"25.129864,121.498376",
全家大心店,便利商店(全家),"25.130655,121.501759",
全家甲桂林店,便利商店(全家),"25.128551,121.530717",
全家文化店,便利商店(全家),"25.136780,121.495075",
全家新復興崗店,便利商店(全家),"25.138421,121.486556",
全家義忠店,便利商店(全家),"25.131246,121.472935",
全家中央南路店,便利商店(全家),"25.125814,121.500506",
全家新和店,便利商店(全家),"25.145102,121.495048",
全家鑫復中店,便利商店(全家),"25.141115,121.499661",
全家中永店,便利商店(全家),"25.139937,121.500871",
全家溫泉店,便利商店(全家),"25.132687,121.503755",
全家永興店,便利商店(全家),"25.138854,121.499326",
全家榮光店,便利商店(全家),"25.112431,121.515116",
全家華勝店,便利商店(全家),"25.117105,121.516478",
全家東榮店,便利商店(全家),"25.119211,121.519223",
全家關渡慈濟店,便利商店(全家),"25.124257,121.471979",
全家光明店,便利商店(全家),"25.132661,121.499160",
全家北投店,便利商店(全家),"25.136229,121.504149",
全家新自強店,便利商店(全家),"25.110778,121.515528",
全家東陽店,便利商店(全家),"25.112047,121.516716",
全家華儷店,便利商店(全家),"25.119740,121.510091",
全家唭哩店,便利商店(全家),"25.120490,121.506376",
全家立賢店,便利商店(全家),"25.116480,121.505281",
全家明德店,便利商店(全家),"25.109075,121.518863",
全家北護店,便利商店(全家),"25.117609,121.521426",
全家東華店,便利商店(全家),"25.117758,121.513642",
全家新知行店,便利商店(全家),"25.120354,121.466982",
全家行勝店,便利商店(全家),"25.122007,121.467455",
全家振華店,便利商店(全家),"25.115650,121.519941",
全家清江店,便利商店(全家),"25.131811,121.501370",
全家尊賢店,便利商店(全家),"25.117353,121.507184",
全家新實店,便利商店(全家),"25.115327,121.509529",
全家富貴店,便利商店(全家),"25.113667,121.523936",
全家榮岩店,便利商店(全家),"25.123677,121.503252",
全家麗山店,便利商店(全家),"25.080373,121.579098",
全家湖安店,便利商店(全家),"25.082946,121.566979",
全家碧湖店,便利商店(全家),"25.080997,121.573314",
全家陽湖店,便利商店(全家),"25.084823,121.561527",
全家湖濱店,便利商店(全家),"25.083851,121.580862",
全家文湖店,便利商店(全家),"25.086887,121.562634",
全家湖茂店,便利商店(全家),"25.087114,121.560153",
全家德陽店,便利商店(全家),"25.076852,121.579950",
全家紫陽店,便利商店(全家),"25.078309,121.584302",
全家瑞陽店,便利商店(全家),"25.077207,121.582696",
全家民善店,便利商店(全家),"25.057548,121.577102",
全家三民店,便利商店(全家),"25.068786,121.586051",
全家內華店,便利商店(全家),"25.068665,121.591812",
全家湖洲店,便利商店(全家),"25.070215,121.608901",
全家金莊店,便利商店(全家),"25.062823,121.587424",
全家東安店,便利商店(全家),"25.067835,121.615747",
全家新內湖店,便利商店(全家),"25.071264,121.589725",
全家湖興店,便利商店(全家),"25.067552,121.589281",
全家興三總店,便利商店(全家),"25.071800,121.591982",
全家達成店,便利商店(全家),"25.081164,121.590487",
全家湖捷店,便利商店(全家),"25.083356,121.593582",
全家德湖店,便利商店(全家),"25.082760,121.592489",
全家行善公宅店,便利商店(全家),"25.060381,121.581783",
全家行善店,便利商店(全家),"25.061544,121.584190",
全家新東湖店,便利商店(全家),"25.069196,121.614150",
全家明美店,便利商店(全家),"25.063510,121.587180",
全家金瑞店,便利商店(全家),"25.088283,121.586693",
全家台塑店,便利商店(全家),"25.059301,121.586806",
全家星湖店,便利商店(全家),"25.080855,121.596255",
全家內科店,便利商店(全家),"25.079526,121.572918",
全家紫新店,便利商店(全家),"25.080497,121.591659",
全家康雲店,便利商店(全家),"25.079502,121.593357",
全家護校店,便利商店(全家),"25.075208,121.610030",
全家東茂店,便利商店(全家),"25.070208,121.612455",
全家湖東店,便利商店(全家),"25.070810,121.618343",
全家康福店,便利商店(全家),"25.069632,121.618828",
全家新瑞店,便利商店(全家),"25.081150,121.563774",
全家精英店,便利商店(全家),"25.078240,121.566762",
全家港華店,便利商店(全家),"25.082891,121.575007",
全家陽盛店,便利商店(全家),"25.073032,121.577346",
全家行美店,便利商店(全家),"25.054857,121.580532",
全家新盛店,便利商店(全家),"25.057641,121.585828",
全家新湖店,便利商店(全家),"25.064886,121.582544",
全家瑞光店,便利商店(全家),"25.079464,121.567655",
全家瑞湖店,便利商店(全家),"25.080095,121.570252",
全家瑞興店,便利商店(全家),"25.075921,121.575867",
全家瑞豐店,便利商店(全家),"25.075487,121.576017",
全家瑞盛店,便利商店(全家),"25.069626,121.580852",
全家瑞亞店,便利商店(全家),"25.076540,121.574148",
全家瑞智店,便利商店(全家),"25.078312,121.571169",
全家陽鑫店,便利商店(全家),"25.072580,121.575962",
全家新環山店,便利商店(全家),"25.082928,121.565702",
全家新德明店,便利商店(全家),"25.086553,121.567981",
全家堤頂店,便利商店(全家),"25.072758,121.573978",
全家湖山店,便利商店(全家),"25.082171,121.573544",
全家德民店,便利商店(全家),"25.049829,121.580614",
全家工業三店,便利商店(全家),"25.057471,121.614762",
全家工業一店,便利商店(全家),"25.057859,121.613901",
全家宏展店,便利商店(全家),"25.057265,121.614382",
全家新成鑫店,便利商店(全家),"25.044405,121.584297",
全家港運店,便利商店(全家),"25.047758,121.581397",
全家小彎公宅店,便利商店(全家),"25.057701,121.593147",
全家南港生技店,便利商店(全家),"25.052193,121.609965",
全家港忠店,便利商店(全家),"25.053317,121.615941",
全家南港車站店,便利商店(全家),"25.052590,121.607455",
全家新昆陽店,便利商店(全家),"25.050117,121.594181",
全家南港公宅店,便利商店(全家),"25.054765,121.604780",
全家港成店,便利商店(全家),"25.054537,121.593062",
全家中研店,便利商店(全家),"25.047660,121.613847",
全家研究院店,便利商店(全家),"25.045806,121.615015",
全家重陽店,便利商店(全家),"25.056667,121.598746",
全家向陽店,便利商店(全家),"25.055118,121.595898",
全家富康店,便利商店(全家),"25.051969,121.616919",
全家工業二店,便利商店(全家),"25.058954,121.612182",
全家台肥大樓店,便利商店(全家),"25.057825,121.618407",
全家京石店,便利商店(全家),"25.061434,121.615084",
全家大聯大店,便利商店(全家),"25.060685,121.616129",
全家港福店,便利商店(全家),"25.039630,121.592009",
全家中視店,便利商店(全家),"25.056200,121.601501",
全家興華店,便利商店(全家),"25.055925,121.605676",
全家國興店,便利商店(全家),"25.043166,121.618948",
全家新莊研店,便利商店(全家),"25.039469,121.621235",
全家胡適店,便利商店(全家),"25.042341,121.618172",
全家舊莊店,便利商店(全家),"25.040720,121.619022",
全家試院店,便利商店(全家),"24.987128,121.547328",
全家木興店,便利商店(全家),"24.988629,121.558935",
全家明興店,便利商店(全家),"24.990067,121.562905",
全家木柵路店,便利商店(全家),"24.988837,121.568577",
全家欣榮店,便利商店(全家),"24.982112,121.562918",
全家鑫木新店,便利商店(全家),"24.980352,121.555923",
全家仙岩店,便利商店(全家),"24.998265,121.547821",
全家師美店,便利商店(全家),"25.008084,121.537456",
全家順輝店,便利商店(全家),"24.986422,121.554979",
全家興昌店,便利商店(全家),"25.006671,121.558973",
全家名門店,便利商店(全家),"25.005164,121.567859",
全家大順店,便利商店(全家),"24.984431,121.560481",
全家鑫順店,便利商店(全家),"24.984605,121.562569",
全家保儀店,便利商店(全家),"24.987358,121.568439",
全家恆光店,便利商店(全家),"24.983153,121.566853",
全家興政店,便利商店(全家),"24.987878,121.575131",
全家政富店,便利商店(全家),"24.987505,121.577119",
全家指南店,便利商店(全家),"24.983825,121.579682",
全家景中店,便利商店(全家),"24.993060,121.541735",
全家景文店,便利商店(全家),"24.991180,121.541390",
全家景後店,便利商店(全家),"24.991918,121.542984",
全家新文華店,便利商店(全家),"24.995174,121.541577",
全家華德店,便利商店(全家),"24.995290,121.545429",
全家景富店,便利商店(全家),"24.999095,121.538273",
全家萬慶店,便利商店(全家),"24.993664,121.539152",
全家世景店,便利商店(全家),"24.989703,121.542229",
全家興萬店,便利商店(全家),"25.000807,121.570731",
全家新福興店,便利商店(全家),"25.003657,121.549836",
全家萬興店,便利商店(全家),"25.004308,121.541341",
全家景興店,便利商店(全家),"24.999584,121.544180",
全家興園店,便利商店(全家),"25.000432,121.552243",
全家興業店,便利商店(全家),"25.001671,121.552696",
全家靜興店,便利商店(全家),"24.999224,121.546620",
全家金興店,便利商店(全家),"25.001242,121.549596",
全家萬芳店,便利商店(全家),"24.998848,121.557059",
全家中科大店,便利商店(全家),"24.999848,121.555598",
全家再興店,便利商店(全家),"24.994990,121.561509",
全家興崙店,便利商店(全家),"24.986565,121.560769",
全家文山公宅店,便利商店(全家),"24.987711,121.561979",
全家萬和店,便利商店(全家),"25.002202,121.536862",
全家萬福店,便利商店(全家),"25.001349,121.540125",
全家羅和店,便利商店(全家),"24.995701,121.540953",
全家景和店,便利商店(全家),"24.991435,121.539992",
上弘門市,便利商店(7-11),"25.056391,121.548287",
中崙門市,便利商店(7-11),"25.048396,121.552737",
北體門市,便利商店(7-11),"25.050888,121.552850",
台場門市,便利商店(7-11),"25.048086,121.551158",
市大門市,便利商店(7-11),"25.045127,121.548085",
民有門市,便利商店(7-11),"25.061936,121.544998",
民復門市,便利商店(7-11),"25.058164,121.555867",
吉仁門市,便利商店(7-11),"25.046070,121.553689",
吉盛門市,便利商店(7-11),"25.050942,121.560964",
吉祥門市,便利商店(7-11),"25.050398,121.562671",
吉德門市,便利商店(7-11),"25.046236,121.552588",
京東門市,便利商店(7-11),"25.051325,121.558747",
京城門市,便利商店(7-11),"25.051819,121.553565",
京復門市,便利商店(7-11),"25.049672,121.559468",
京發門市,便利商店(7-11),"25.051769,121.561618",
京萬門市,便利商店(7-11),"25.051988,121.547286",
京運門市,便利商店(7-11),"25.051628,121.544998",
京興門市,便利商店(7-11),"25.051177,121.564906",
京寶門市,便利商店(7-11),"25.051836,121.566061",
庚塑門市,便利商店(7-11),"25.055449,121.550038",
延新門市,便利商店(7-11),"25.057297,121.566252",
延壽門市,便利商店(7-11),"25.056236,121.556423",
征東門市,便利商店(7-11),"25.058555,121.565903",
征唐門市,便利商店(7-11),"25.060341,121.565542",
東光門市,便利商店(7-11),"25.052050,121.558128",
東吉門市,便利商店(7-11),"25.058525,121.560308",
東復門市,便利商店(7-11),"25.059075,121.546337",
東榮門市,便利商店(7-11),"25.058707,121.558428",
東鑫門市,便利商店(7-11),"25.058359,121.550472",
松山富泰門市,便利商店(7-11),"25.058056,121.564867",
松民門市,便利商店(7-11),"25.052392,121.563880",
松禾門市,便利商店(7-11),"25.050878,121.571303",
松祐門市,便利商店(7-11),"25.050325,121.574057",
松航門市,便利商店(7-11),"25.063719,121.551514",
松復門市,便利商店(7-11),"25.049324,121.557643",
松德門市,便利商店(7-11),"25.050645,121.577548",
松慶門市,便利商店(7-11),"25.052768,121.544630",
松機門市,便利商店(7-11),"25.063818,121.549644",
松饒門市,便利商店(7-11),"25.051083,121.578011",
松鑽門市,便利商店(7-11),"25.049883,121.576641",
威京門市,便利商店(7-11),"25.048778,121.562435",
風復門市,便利商店(7-11),"25.045677,121.544165",
庫德門市,便利商店(7-11),"25.047816,121.546062",
健一門市,便利商店(7-11),"25.053224,121.552453",
婦聯門市,便利商店(7-11),"25.053927,121.561080",
清愿門市,便利商店(7-11),"25.048327,121.546946",
統威門市,便利商店(7-11),"25.050205,121.565500",
復旦門市,便利商店(7-11),"25.047071,121.549283",
復吉門市,便利商店(7-11),"25.052006,121.545531",
復安門市,便利商店(7-11),"25.056579,121.545906",
復春門市,便利商店(7-11),"25.054422,121.544337",
復星門市,便利商店(7-11),"25.048468,121.544235",
復惠門市,便利商店(7-11),"25.059896,121.544487",
敦化門市,便利商店(7-11),"25.061026,121.547919",
敦北門市,便利商店(7-11),"25.054075,121.549585",
敦巨門市,便利商店(7-11),"25.051960,121.550597",
朝福門市,便利商店(7-11),"25.058078,121.563263",
塔優門市,便利商店(7-11),"25.059856,121.568049",
新育商門市,便利商店(7-11),"25.049099,121.554982",
新復勢門市,便利商店(7-11),"25.047914,121.556434",
新寶清門市,便利商店(7-11),"25.051089,121.568688",
新饒河門市,便利商店(7-11),"25.050409,121.576534",
福源門市,便利商店(7-11),"25.062111,121.566068",
樂得門市,便利商店(7-11),"25.050146,121.544193",
錢京門市,便利商店(7-11),"25.052739,121.548322",
聰明門市,便利商店(7-11),"25.052698,121.567732",
寶德門市,便利商店(7-11),"25.049187,121.566344",
鑫壽門市,便利商店(7-11),"25.056714,121.560524",
BBS夢廣場店門市,便利商店(7-11),"25.039454,121.565645",
一零一門市,便利商店(7-11),"25.033373,121.565077",
三興門市,便利商店(7-11),"25.029186,121.561392",
中興門市,便利商店(7-11),"25.031971,121.558791",
仁和門市,便利商店(7-11),"25.036561,121.558423",
仁信門市,便利商店(7-11),"25.033642,121.568002",
世貿門市,便利商店(7-11),"25.033867,121.562325",
世貿二門市,便利商店(7-11),"25.033867,121.562325",
北府門市,便利商店(7-11),"25.028462,121.568193",
北醫門市,便利商店(7-11),"25.027178,121.563533",
北醫大門市,便利商店(7-11),"25.026987,121.562224",
巨東門市,便利商店(7-11),"25.042224,121.562826",
巨蛋門市,便利商店(7-11),"25.040901,121.561699",
市捷門市,便利商店(7-11),"25.040914,121.565136",
市運門市,便利商店(7-11),"25.041249,121.567124",
市議會門市,便利商店(7-11),"25.038134,121.562003",
必成門市,便利商店(7-11),"25.042567,121.564947",
永吉門市,便利商店(7-11),"25.045709,121.573994",
永信門市,便利商店(7-11),"25.043534,121.568836",
光復門市,便利商店(7-11),"25.033679,121.557644",
吳興門市,便利商店(7-11),"25.024536,121.563441",
宏泰門市,便利商店(7-11),"25.036845,121.568655",
忠林門市,便利商店(7-11),"25.040657,121.576851",
忠隆門市,便利商店(7-11),"25.041718,121.567225",
昌隆門市,便利商店(7-11),"25.028011,121.556730",
松山門市,便利商店(7-11),"25.040764,121.574124",
松仁門市,便利商店(7-11),"25.026747,121.568407",
松信門市,便利商店(7-11),"25.043771,121.571913",
松茂門市,便利商店(7-11),"25.049192,121.577914",
松家門市,便利商店(7-11),"25.035809,121.578498",
松高門市,便利商店(7-11),"25.043213,121.565843",
松捷門市,便利商店(7-11),"25.041321,121.565135",
松智門市,便利商店(7-11),"25.029133,121.564814",
松敬門市,便利商店(7-11),"25.031691,121.559623",
松義門市,便利商店(7-11),"25.032912,121.574648",
松錢門市,便利商店(7-11),"25.046845,121.572378",
松聯門市,便利商店(7-11),"25.042721,121.563762",
松鐵門市,便利商店(7-11),"25.049192,121.577914",
武松門市,便利商店(7-11),"25.047389,121.577955",
信吉門市,便利商店(7-11),"25.043477,121.574050",
信林門市,便利商店(7-11),"25.037270,121.577097",
信義湧高門市,便利商店(7-11),"25.039592,121.570366",
信義新光門市,便利商店(7-11),"25.038664,121.566793",
信福門市,便利商店(7-11),"25.039333,121.587454",
信遠門市,便利商店(7-11),"25.036732,121.567968",
信德門市,便利商店(7-11),"25.034775,121.573592",
信醫門市,便利商店(7-11),"25.025814,121.566349",
後山埤門市,便利商店(7-11),"25.044634,121.581014",
春光門市,便利商店(7-11),"25.042601,121.581582",
革新門市,便利商店(7-11),"25.045547,121.568906",
泰興門市,便利商店(7-11),"25.018641,121.571175",
特販門市,便利商店(7-11),"25.047030,121.566697",
留公門市,便利商店(7-11),"25.038729,121.585893",
國貿門市,便利商店(7-11),"25.034597,121.560995",
崇德門市,便利商店(7-11),"25.024082,121.555603",
捷忠門市,便利商店(7-11),"25.041610,121.579105",
莊敬路門市,便利商店(7-11),"25.027359,121.565463",
凱悅門市,便利商店(7-11),"25.034285,121.560031",
喬治門市,便利商店(7-11),"25.025803,121.554413",
富比世門市,便利商店(7-11),"25.024493,121.569424",
惠安門市,便利商店(7-11),"25.022118,121.568867",
敦厚門市,便利商店(7-11),"25.042081,121.568675",
萊福門市,便利商店(7-11),"25.038253,121.579442",
貿捷門市,便利商店(7-11),"25.032678,121.563651",
開源門市,便利商店(7-11),"25.047270,121.577578",
微風南山門市,便利商店(7-11),"25.034435,121.565774",
新三連門市,便利商店(7-11),"25.040553,121.563129",
新工農門市,便利商店(7-11),"25.040158,121.571738",
新東宮門市,便利商店(7-11),"25.039884,121.578039",
道生門市,便利商店(7-11),"25.047321,121.566457",
嘉馥門市,便利商店(7-11),"25.034526,121.575630",
夢廣場門市,便利商店(7-11),"25.039454,121.565645",
福中門市,便利商店(7-11),"25.037658,121.583328",
廣林門市,便利商店(7-11),"25.039048,121.581123",
廣慈門市,便利商店(7-11),"25.039636,121.583143",
廣鳴門市,便利商店(7-11),"25.038207,121.582873",
德虎門市,便利商店(7-11),"25.036535,121.574876",
德鄰門市,便利商店(7-11),"25.037521,121.575297",
慶林門市,便利商店(7-11),"25.039499,121.576690",
興貿門市,便利商店(7-11),"25.031145,121.561036",
總站門市,便利商店(7-11),"25.023488,121.569502",
總部門市,便利商店(7-11),"25.047030,121.566697",
聯合門市,便利商店(7-11),"25.041836,121.563667",
醫學門市,便利商店(7-11),"25.027156,121.563816",
麟運門市,便利商店(7-11),"25.018663,121.558867",
鑫吉門市,便利商店(7-11),"25.044791,121.577138",
鑫國泰門市,便利商店(7-11),"25.040167,121.566811",
鑫麟門市,便利商店(7-11),"25.020399,121.558375",
大台門市,便利商店(7-11),"25.017604,121.532554",
大安臥龍門市,便利商店(7-11),"25.017274,121.558348",
大安復興門市,便利商店(7-11),"25.037013,121.543920",
大信門市,便利商店(7-11),"25.033718,121.534563",
大敦門市,便利商店(7-11),"25.031192,121.549556",
中廣門市,便利商店(7-11),"25.038516,121.534331",
仁安門市,便利商店(7-11),"25.038646,121.545243",
仁愛醫門市,便利商店(7-11),"25.036723,121.545670",
仕吉門市,便利商店(7-11),"25.043523,121.553109",
台科一門市,便利商店(7-11),"25.013953,121.542764",
永康門市,便利商店(7-11),"25.030427,121.529595",
禾光門市,便利商店(7-11),"25.025650,121.538616",
立仁門市,便利商店(7-11),"25.030018,121.551574",
光忠門市,便利商店(7-11),"25.043722,121.544430",
吉忠門市,便利商店(7-11),"25.042522,121.554192",
合旺門市,便利商店(7-11),"25.028456,121.545346",
合維門市,便利商店(7-11),"25.028196,121.547625",
合億門市,便利商店(7-11),"25.026676,121.547021",
安居門市,便利商店(7-11),"25.020451,121.554426",
安松門市,便利商店(7-11),"25.042924,121.542452",
至善門市,便利商店(7-11),"25.022326,121.543543",
佑安門市,便利商店(7-11),"25.042414,121.539647",
技安門市,便利商店(7-11),"25.024613,121.550779",
辛亥門市,便利商店(7-11),"25.023057,121.537167",
卓聯門市,便利商店(7-11),"25.014683,121.537918",
和平東門市,便利商店(7-11),"25.026717,121.529414",
和安門市,便利商店(7-11),"25.022220,121.554624",
和金門市,便利商店(7-11),"25.026918,121.525706",
和泰門市,便利商店(7-11),"25.026457,121.531704",
和樂門市,便利商店(7-11),"25.020640,121.553285",
和鑫門市,便利商店(7-11),"25.024479,121.547634",
延仁門市,便利商店(7-11),"25.038319,121.555483",
延吉門市,便利商店(7-11),"25.036636,121.555705",
昇隆門市,便利商店(7-11),"25.021004,121.548273",
東門門市,便利商店(7-11),"25.033052,121.530331",
欣安和門市,便利商店(7-11),"25.038688,121.551057",
欣隆昌門市,便利商店(7-11),"25.028387,121.556496",
空指部門市,便利商店(7-11),"25.011144,121.540798",
花市門市,便利商店(7-11),"25.036371,121.537272",
金信門市,便利商店(7-11),"25.033282,121.526940",
金華門市,便利商店(7-11),"25.029811,121.528325",
長星門市,便利商店(7-11),"25.017810,121.545340",
阿波羅門市,便利商店(7-11),"25.041212,121.553588",
青田門市,便利商店(7-11),"25.028012,121.530626",
信中門市,便利商店(7-11),"25.033701,121.538654",
信仁門市,便利商店(7-11),"25.038883,121.542919",
信安門市,便利商店(7-11),"25.034291,121.545890",
信義門市,便利商店(7-11),"25.034224,121.554413",
信興門市,便利商店(7-11),"25.033141,121.544676",
建安門市,便利商店(7-11),"25.042638,121.550671",
建忠門市,便利商店(7-11),"25.042124,121.541513",
建南門市,便利商店(7-11),"25.028706,121.538400",
建綸門市,便利商店(7-11),"25.040086,121.551972",
恆安門市,便利商店(7-11),"25.033201,121.529184",
科技站門市,便利商店(7-11),"25.026283,121.543666",
科建門市,便利商店(7-11),"25.044269,121.536228",
科興門市,便利商店(7-11),"25.025634,121.543880",
師大門市,便利商店(7-11),"25.023193,121.528471",
泰利門市,便利商店(7-11),"25.036558,121.554234",
崇光門市,便利商店(7-11),"25.042752,121.544744",
康福門市,便利商店(7-11),"25.031553,121.529472",
統合門市,便利商店(7-11),"25.042191,121.551340",
統家門市,便利商店(7-11),"25.039939,121.553361",
統領門市,便利商店(7-11),"25.042214,121.552871",
通化門市,便利商店(7-11),"25.031426,121.554216",
頂好門市,便利商店(7-11),"25.038256,121.547229",
頂安門市,便利商店(7-11),"25.042485,121.546272",
頂東門市,便利商店(7-11),"25.043521,121.546255",
喜悅門市,便利商店(7-11),"25.030944,121.543243",
富陽門市,便利商店(7-11),"25.020683,121.556246",
復忠門市,便利商店(7-11),"25.044105,121.557517",
復昌門市,便利商店(7-11),"25.032264,121.557335",
復維門市,便利商店(7-11),"25.032399,121.543897",
敦仁門市,便利商店(7-11),"25.041252,121.549792",
敦禾門市,便利商店(7-11),"25.025448,121.549574",
敦安門市,便利商店(7-11),"25.034700,121.552397",
敦信門市,便利商店(7-11),"25.034566,121.550178",
敦南門市,便利商店(7-11),"25.040876,121.547076",
敦頂門市,便利商店(7-11),"25.042508,121.547953",
敦維門市,便利商店(7-11),"25.036238,121.546674",
敦親門市,便利商店(7-11),"25.022127,121.540983",
森美門市,便利商店(7-11),"25.033724,121.536633",
華電門市,便利商店(7-11),"25.027566,121.553541",
圓金門市,便利商店(7-11),"25.036915,121.549712",
愛國門市,便利商店(7-11),"25.031752,121.527296",
新北科門市,便利商店(7-11),"25.043441,121.535602",
新東帝門市,便利商店(7-11),"25.028694,121.549751",
新泰順門市,便利商店(7-11),"25.025102,121.531544",
新國聯門市,便利商店(7-11),"25.042381,121.556961",
溫州門市,便利商店(7-11),"25.019419,121.529996",
溫東門市,便利商店(7-11),"25.026015,121.533606",
瑞升門市,便利商店(7-11),"25.028588,121.522046",
瑞安門市,便利商店(7-11),"25.028544,121.541056",
義村門市,便利商店(7-11),"25.041525,121.538224",
誠安門市,便利商店(7-11),"25.038776,121.550039",
鳳翔門市,便利商店(7-11),"25.038084,121.552885",
樂安門市,便利商店(7-11),"25.021970,121.550849",
樂利門市,便利商店(7-11),"25.025777,121.551834",
樂和門市,便利商店(7-11),"25.027420,121.551507",
樂隆門市,便利商店(7-11),"25.022688,121.549609",
黎元門市,便利商店(7-11),"25.018098,121.550764",
豫銘門市,便利商店(7-11),"25.030789,121.545866",
錢忠門市,便利商店(7-11),"25.041136,121.544478",
靜安門市,便利商店(7-11),"25.040194,121.557558",
龍和門市,便利商店(7-11),"25.025232,121.542241",
龍延門市,便利商店(7-11),"25.023917,121.529356",
龍門門市,便利商店(7-11),"25.025481,121.537149",
龍泉門市,便利商店(7-11),"25.020982,121.528125",
龍淵門市,便利商店(7-11),"25.023523,121.542910",
濟南門市,便利商店(7-11),"25.040158,121.533873",
臨江門市,便利商店(7-11),"25.030523,121.552532",
臨通門市,便利商店(7-11),"25.030757,121.553189",
豐安門市,便利商店(7-11),"25.036114,121.544267",
懷生門市,便利商店(7-11),"25.041067,121.541391",
羅鑫門市,便利商店(7-11),"25.023665,121.525237",
麟光門市,便利商店(7-11),"25.018364,121.557008",
鑫忠孝門市,便利商店(7-11),"25.041614,121.555898",
鑫泰門市,便利商店(7-11),"25.022484,121.530564",
鑫通門市,便利商店(7-11),"25.032581,121.554419",
鑫富民門市,便利商店(7-11),"25.043896,121.549773",
鑫復門市,便利商店(7-11),"25.033281,121.542313",
大永門市,便利商店(7-11),"25.080221,121.550930",
大吉門市,便利商店(7-11),"25.055797,121.530257",
中山大直門市,便利商店(7-11),"25.080891,121.546531",
中山天津門市,便利商店(7-11),"25.050030,121.522895",
中福門市,便利商店(7-11),"25.058067,121.531669",
元大門市,便利商店(7-11),"25.052638,121.541925",
天力門市,便利商店(7-11),"25.056756,121.528953",
天津門市,便利商店(7-11),"25.051786,121.523591",
民美門市,便利商店(7-11),"25.068315,121.523081",
永明門市,便利商店(7-11),"25.078108,121.549968",
永錦門市,便利商店(7-11),"25.060414,121.522120",
伊東門市,便利商店(7-11),"25.050954,121.534660",
吉民門市,便利商店(7-11),"25.063023,121.530439",
吉安門市,便利商店(7-11),"25.064911,121.530500",
吉林門市,便利商店(7-11),"25.060280,121.530377",
吉添門市,便利商店(7-11),"25.061305,121.530171",
吉鑫門市,便利商店(7-11),"25.052263,121.528463",
合江門市,便利商店(7-11),"25.055851,121.539040",
安海門市,便利商店(7-11),"25.078637,121.546547",
朱崙門市,便利商店(7-11),"25.050044,121.543772",
江東門市,便利商店(7-11),"25.048694,121.531752",
江陵門市,便利商店(7-11),"25.053127,121.531595",
行天門市,便利商店(7-11),"25.064566,121.534818",
京山門市,便利商店(7-11),"25.051856,121.531864",
京典門市,便利商店(7-11),"25.051757,121.539493",
京旺門市,便利商店(7-11),"25.051872,121.526007",
京都門市,便利商店(7-11),"25.059767,121.525701",
佳佳門市,便利商店(7-11),"25.058118,121.535927",
明水門市,便利商店(7-11),"25.082822,121.551324",
明美門市,便利商店(7-11),"25.083555,121.552562",
東崙門市,便利商店(7-11),"25.046915,121.541676",
林北門市,便利商店(7-11),"25.057908,121.524673",
林森門市,便利商店(7-11),"25.061745,121.525518",
林森北門市,便利商店(7-11),"25.058198,121.525124",
松京門市,便利商店(7-11),"25.051835,121.533969",
松怡門市,便利商店(7-11),"25.062235,121.534236",
松盛門市,便利商店(7-11),"25.052614,121.533640",
松運門市,便利商店(7-11),"25.051236,121.533228",
松鑫門市,便利商店(7-11),"25.057829,121.532967",
欣旺門市,便利商店(7-11),"25.081943,121.548924",
直安門市,便利商店(7-11),"25.084047,121.549190",
金宴門市,便利商店(7-11),"25.061811,121.538090",
金蓬門市,便利商店(7-11),"25.063043,121.519888",
金鑽門市,便利商店(7-11),"25.062640,121.520382",
長中門市,便利商店(7-11),"25.054554,121.522468",
長北門市,便利商店(7-11),"25.055064,121.523677",
長松門市,便利商店(7-11),"25.048989,121.533150",
長城門市,便利商店(7-11),"25.056417,121.522566",
長津門市,便利商店(7-11),"25.049430,121.522919",
長通門市,便利商店(7-11),"25.048533,121.535112",
長新門市,便利商店(7-11),"25.048590,121.528001",
威克門市,便利商店(7-11),"25.051616,121.543105",
建欣門市,便利商店(7-11),"25.053829,121.537309",
建錦門市,便利商店(7-11),"25.060038,121.537333",
建龍門市,便利商店(7-11),"25.058209,121.540944",
建權門市,便利商店(7-11),"25.062202,121.536518",
春城門市,便利商店(7-11),"25.054931,121.531351",
春森門市,便利商店(7-11),"25.055017,121.526506",
春龍門市,便利商店(7-11),"25.054752,121.540615",
美麗華門市,便利商店(7-11),"25.084665,121.557303",
原中門市,便利商店(7-11),"25.063256,121.529088",
原新門市,便利商店(7-11),"25.059286,121.528824",
國京門市,便利商店(7-11),"25.052400,121.537779",
國旺門市,便利商店(7-11),"25.051316,121.527073",
國賓門市,便利商店(7-11),"25.057286,121.523053",
國學門市,便利商店(7-11),"25.054700,121.534190",
基河門市,便利商店(7-11),"25.079744,121.559239",
崑崙門市,便利商店(7-11),"25.050779,121.523298",
常榮門市,便利商店(7-11),"25.066084,121.542488",
祥福門市,便利商店(7-11),"25.063651,121.521342",
統佳門市,便利商店(7-11),"25.058983,121.533454",
通鑽門市,便利商店(7-11),"25.049784,121.527864",
麥田門市,便利商店(7-11),"25.066674,121.522933",
勝權門市,便利商店(7-11),"25.062475,121.528863",
復北門市,便利商店(7-11),"25.053385,121.543829",
復錦門市,便利商店(7-11),"25.059978,121.543944",
晶華門市,便利商店(7-11),"25.054597,121.525348",
晶鑽門市,便利商店(7-11),"25.053931,121.523512",
曾德門市,便利商店(7-11),"25.060395,121.525081",
森北門市,便利商店(7-11),"25.050916,121.524902",
森吉門市,便利商店(7-11),"25.067269,121.525603",
森泰門市,便利商店(7-11),"25.057276,121.525386",
森華門市,便利商店(7-11),"25.066041,121.525892",
森鑽門市,便利商店(7-11),"25.050136,121.525012",
翔運門市,便利商店(7-11),"25.055008,121.522428",
圓武門市,便利商店(7-11),"25.051140,121.529951",
新大直門市,便利商店(7-11),"25.082837,121.546432",
新生北門市,便利商店(7-11),"25.066723,121.528129",
新西華門市,便利商店(7-11),"25.058018,121.539101",
新晴光門市,便利商店(7-11),"25.065894,121.524204",
新錦祥門市,便利商店(7-11),"25.060299,121.521385",
新寶門市,便利商店(7-11),"25.051628,121.536346",
萬濠門市,便利商店(7-11),"25.080310,121.558379",
農安門市,便利商店(7-11),"25.064819,121.526383",
實踐大學門市,便利商店(7-11),"25.083755,121.546189",
榮金門市,便利商店(7-11),"25.066902,121.540876",
榮星門市,便利商店(7-11),"25.064840,121.540838",
榮鑫門市,便利商店(7-11),"25.065641,121.536719",
榮鑽門市,便利商店(7-11),"25.064434,121.538090",
福權門市,便利商店(7-11),"25.062421,121.531884",
撫順門市,便利商店(7-11),"25.064859,121.522496",
樂明門市,便利商店(7-11),"25.081624,121.552795",
樂美門市,便利商店(7-11),"25.082795,121.553863",
潤泰門市,便利商店(7-11),"25.047182,121.542807",
稻江門市,便利商店(7-11),"25.065028,121.528053",
興亞門市,便利商店(7-11),"25.047022,121.531576",
興復門市,便利商店(7-11),"25.055988,121.543131",
遼寧門市,便利商店(7-11),"25.055130,121.542035",
錦北門市,便利商店(7-11),"25.060247,121.523569",
錦合門市,便利商店(7-11),"25.060348,121.539297",
錦捷門市,便利商店(7-11),"25.060510,121.532428",
錦龍門市,便利商店(7-11),"25.060160,121.540835",
龍江門市,便利商店(7-11),"25.051169,121.540550",
龍京門市,便利商店(7-11),"25.052834,121.540255",
濱江門市,便利商店(7-11),"25.066242,121.539345",
薇美門市,便利商店(7-11),"25.083639,121.555941",
藍天樓門市,便利商店(7-11),"25.079765,121.540409",
權東門市,便利商店(7-11),"25.062535,121.543579",
權松門市,便利商店(7-11),"25.063791,121.533398",
歡唱門市,便利商店(7-11),"25.056145,121.524805",
鑫安江門市,便利商店(7-11),"25.048193,121.540528",
鑫東一門市,便利商店(7-11),"25.051165,121.531597",
鑫長安門市,便利商店(7-11),"25.049147,121.526524",
鑫越門市,便利商店(7-11),"25.051908,121.521504",
鑫德惠門市,便利商店(7-11),"25.066862,121.525996",
鑫錦州門市,便利商店(7-11),"25.060377,121.534911",
鑫櫃門市,便利商店(7-11),"25.056621,121.533355",
八德門市,便利商店(7-11),"25.043516,121.530890",
千成門市,便利商店(7-11),"25.043751,121.522903",
千翔門市,便利商店(7-11),"25.045748,121.516971",
大永博門市,便利商店(7-11),"25.043154,121.511644",
大埔門市,便利商店(7-11),"25.032981,121.505568",
中正牯嶺門市,便利商店(7-11),"25.022321,121.518952",
中正許昌門市,便利商店(7-11),"25.045473,121.516412",
中航門市,便利商店(7-11),"25.042552,121.522538",
中華電門市,便利商店(7-11),"25.036515,121.523275",
中愛門市,便利商店(7-11),"25.033082,121.520249",
中樂門市,便利商店(7-11),"25.045116,121.510506",
丹陽門市,便利商店(7-11),"25.039050,121.525546",
仁金門市,便利商店(7-11),"25.038452,121.528948",
北車門市,便利商店(7-11),"25.046084,121.516829",
北捷門市,便利商店(7-11),"25.047201,121.517672",
古亭門市,便利商店(7-11),"25.022489,121.523660",
台大門市,便利商店(7-11),"25.040172,121.522130",
台北地下街門市,便利商店(7-11),"25.048859,121.517644",
正元門市,便利商店(7-11),"25.028162,121.511327",
汀州門市,便利商店(7-11),"25.028017,121.509553",
同州門市,便利商店(7-11),"25.023381,121.521071",
西門站門市,便利商店(7-11),"25.041860,121.508730",
忠孝東門市,便利商店(7-11),"25.044468,121.523923",
忠聯門市,便利商店(7-11),"25.042845,121.530537",
杭信門市,便利商店(7-11),"25.035303,121.525349",
東成門市,便利商店(7-11),"25.037951,121.509874",
欣漢華門市,便利商店(7-11),"25.044944,121.509514",
金山門市,便利商店(7-11),"25.035486,121.527393",
青島門市,便利商店(7-11),"25.043946,121.521392",
南昌門市,便利商店(7-11),"25.031040,121.517508",
南海門市,便利商店(7-11),"25.032037,121.515324",
牯嶺門市,便利商店(7-11),"25.023970,121.518814",
玲瓏門市,便利商店(7-11),"25.016894,121.530768",
軍總門市,便利商店(7-11),"25.016336,121.530801",
重南門市,便利商店(7-11),"25.044167,121.513528",
晉江門市,便利商店(7-11),"25.026586,121.520750",
國圖門市,便利商店(7-11),"25.037241,121.516883",
掬華門市,便利商店(7-11),"25.026059,121.508212",
統全門市,便利商店(7-11),"25.013669,121.534345",
統新門市,便利商店(7-11),"25.040840,121.531407",
統聯門市,便利商店(7-11),"25.042148,121.531887",
紹興門市,便利商店(7-11),"25.045553,121.525559",
博源門市,便利商店(7-11),"25.014415,121.531095",
森光門市,便利商店(7-11),"25.046917,121.516911",
華山門市,便利商店(7-11),"25.044106,121.525618",
華慶門市,便利商店(7-11),"25.041380,121.508334",
開博門市,便利商店(7-11),"25.045986,121.512264",
開懷門市,便利商店(7-11),"25.046061,121.513802",
微風1門市,便利商店(7-11),"25.047924,121.517081",
愛將門市,便利商店(7-11),"25.033788,121.518953",
新文華門市,便利商店(7-11),"25.024728,121.517507",
新南門市,便利商店(7-11),"25.037107,121.532495",
新格蘭門市,便利商店(7-11),"25.042408,121.512786",
新雲門市,便利商店(7-11),"25.034431,121.530154",
新廈門門市,便利商店(7-11),"25.025566,121.517326",
新愛國門市,便利商店(7-11),"25.034476,121.507572",
新羅福門市,便利商店(7-11),"25.021950,121.526426",
瑞德門市,便利商店(7-11),"25.034191,121.531253",
萬光門市,便利商店(7-11),"25.031165,121.504288",
萬翔門市,便利商店(7-11),"25.045500,121.517414",
寧波門市,便利商店(7-11),"25.031515,121.518746",
漢慶門市,便利商店(7-11),"25.045167,121.512207",
臺醫東門市,便利商店(7-11),"25.040780,121.518833",
德金門市,便利商店(7-11),"25.044122,121.531381",
慶城門市,便利商店(7-11),"25.044001,121.512528",
慶陽門市,便利商店(7-11),"25.042315,121.509553",
興忠門市,便利商店(7-11),"25.044747,121.525347",
興信鑫門市,便利商店(7-11),"25.044703,121.515339",
濟新門市,便利商店(7-11),"25.040321,121.531172",
臨沂門市,便利商店(7-11),"25.034531,121.527801",
羅昌門市,便利商店(7-11),"25.024038,121.524320",
羅亭門市,便利商店(7-11),"25.027316,121.521933",
警廣門市,便利商店(7-11),"25.035540,121.508064",
鑫大孝門市,便利商店(7-11),"25.047041,121.513355",
鑫公信門市,便利商店(7-11),"25.044699,121.516610",
鑫台北門市,便利商店(7-11),"25.046208,121.518477",
鑫杭門市,便利商店(7-11),"25.042442,121.526566",
鑫泉州門市,便利商店(7-11),"25.026358,121.513801",
鑫重寧門市,便利商店(7-11),"25.029934,121.515924",
鑫國語門市,便利商店(7-11),"25.029670,121.518534",
鑫華福門市,便利商店(7-11),"25.045078,121.513843",
鑫衡陽門市,便利商店(7-11),"25.042295,121.513777",
鑫館門市,便利商店(7-11),"25.013028,121.534806",
讚前門市,便利商店(7-11),"25.046480,121.515545",
三德門市,便利商店(7-11),"25.065332,121.518588",
大稻埕門市,便利商店(7-11),"25.056997,121.509185",
大龍門市,便利商店(7-11),"25.065797,121.515872",
中興醫門市,便利商店(7-11),"25.050911,121.509190",
仟發門市,便利商店(7-11),"25.057605,121.519287",
仟瑞門市,便利商店(7-11),"25.057469,121.520201",
民族西門市,便利商店(7-11),"25.068714,121.516164",
民權西門市,便利商店(7-11),"25.062745,121.516791",
京站門市,便利商店(7-11),"25.049806,121.517557",
京磚門市,便利商店(7-11),"25.049582,121.518353",
延平北門市,便利商店(7-11),"25.052850,121.511723",
延民門市,便利商店(7-11),"25.068602,121.512532",
延年門市,便利商店(7-11),"25.065876,121.511137",
延埕門市,便利商店(7-11),"25.058295,121.511607",
延華門市,便利商店(7-11),"25.051847,121.512028",
延龍門市,便利商店(7-11),"25.069242,121.510788",
承華門市,便利商店(7-11),"25.050444,121.516684",
昌吉門市,便利商店(7-11),"25.065387,121.518103",
長峰門市,便利商店(7-11),"25.050875,121.517966",
保聖門市,便利商店(7-11),"25.071883,121.515727",
南西門市,便利商店(7-11),"25.053913,121.513000",
南京西門市,便利商店(7-11),"25.053158,121.518786",
厚讚門市,便利商店(7-11),"25.051356,121.514500",
哈蜜門市,便利商店(7-11),"25.073903,121.514052",
迪化門市,便利商店(7-11),"25.057043,121.511182",
重慶北門市,便利商店(7-11),"25.050850,121.513549",
酒泉門市,便利商店(7-11),"25.071451,121.513585",
涼州門市,便利商店(7-11),"25.060381,121.511278",
景星門市,便利商店(7-11),"25.064094,121.511241",
湧久門市,便利商店(7-11),"25.073077,121.511357",
詠樂門市,便利商店(7-11),"25.054200,121.510284",
圓山站門市,便利商店(7-11),"25.071353,121.520118",
圓泉門市,便利商店(7-11),"25.070781,121.519315",
圓慶門市,便利商店(7-11),"25.054271,121.514576",
塔城門市,便利商店(7-11),"25.052224,121.510677",
新慶陽門市,便利商店(7-11),"25.055701,121.513800",
萬連門市,便利商店(7-11),"25.058189,121.520085",
德倫門市,便利商店(7-11),"25.072542,121.518552",
慶吉門市,便利商店(7-11),"25.065754,121.513907",
慶寧門市,便利商店(7-11),"25.055121,121.515123",
稻埕門市,便利商店(7-11),"25.053291,121.508791",
靜中門市,便利商店(7-11),"25.058493,121.515199",
篷萊門市,便利商店(7-11),"25.060779,121.514479",
雙連門市,便利商店(7-11),"25.057195,121.517531",
權鑫門市,便利商店(7-11),"25.063252,121.516291",
鑫太原門市,便利商店(7-11),"25.050371,121.515105",
鑫寧門市,便利商店(7-11),"25.056876,121.514995",
大理門市,便利商店(7-11),"25.034099,121.496887",
大華門市,便利商店(7-11),"25.019961,121.497790",
中寧門市,便利商店(7-11),"25.024629,121.509959",
內江門市,便利商店(7-11),"25.041844,121.501511",
六福門市,便利商店(7-11),"25.046237,121.505238",
世運門市,便利商店(7-11),"25.042891,121.504863",
成都門市,便利商店(7-11),"25.043143,121.504314",
西寧南門市,便利商店(7-11),"25.044045,121.506440",
克難門市,便利商店(7-11),"25.023510,121.501540",
宏旭門市,便利商店(7-11),"25.034817,121.498840",
昆明門市,便利商店(7-11),"25.045649,121.505498",
昆寧門市,便利商店(7-11),"25.044383,121.505899",
昆福門市,便利商店(7-11),"25.047301,121.505913",
欣昌門市,便利商店(7-11),"25.038829,121.500692",
青年門市,便利商店(7-11),"25.019972,121.503875",
青園門市,便利商店(7-11),"25.026093,121.505720",
桂明門市,便利商店(7-11),"25.038297,121.503061",
桂林門市,便利商店(7-11),"25.038402,121.497804",
國雙門市,便利商店(7-11),"25.028055,121.502570",
康貴門市,便利商店(7-11),"25.039646,121.501812",
捷盟門市,便利商店(7-11),"25.044047,121.507448",
凱富門市,便利商店(7-11),"25.033843,121.499288",
華江門市,便利商店(7-11),"25.034099,121.493038",
華藏門市,便利商店(7-11),"25.029696,121.503513",
華雙門市,便利商店(7-11),"25.033164,121.491700",
開寧門市,便利商店(7-11),"25.046535,121.506883",
園桂門市,便利商店(7-11),"25.039214,121.499742",
園舺門市,便利商店(7-11),"25.031538,121.494908",
園龍門市,便利商店(7-11),"25.034783,121.499485",
園寶門市,便利商店(7-11),"25.023437,121.492806",
園鑫門市,便利商店(7-11),"25.029522,121.494454",
新峨嵋門市,便利商店(7-11),"25.044335,121.503876",
新起門市,便利商店(7-11),"25.040660,121.504879",
新寧南門市,便利商店(7-11),"25.042593,121.505836",
新艋舺門市,便利商店(7-11),"25.025253,121.500273",
萬大門市,便利商店(7-11),"25.026219,121.500648",
萬和門市,便利商店(7-11),"25.027924,121.500346",
萬忠門市,便利商店(7-11),"25.026189,121.494362",
萬東門市,便利商店(7-11),"25.020479,121.495781",
萬武門市,便利商店(7-11),"25.019794,121.496992",
萬長門市,便利商店(7-11),"25.025063,121.496790",
萬華門市,便利商店(7-11),"25.031338,121.500735",
萬運門市,便利商店(7-11),"25.035449,121.499579",
漢中門市,便利商店(7-11),"25.041138,121.506842",
漢陽門市,便利商店(7-11),"25.039209,121.504189",
漢寧門市,便利商店(7-11),"25.045579,121.506847",
廣明門市,便利商店(7-11),"25.036832,121.503659",
廣運門市,便利商店(7-11),"25.036634,121.498876",
龍山門市,便利商店(7-11),"25.036111,121.501514",
龍廣門市,便利商店(7-11),"25.036581,121.500593",
環康門市,便利商店(7-11),"25.046241,121.503519",
雙環門市,便利商店(7-11),"25.032052,121.491540",
寶昌門市,便利商店(7-11),"25.023758,121.495280",
鑫日新門市,便利商店(7-11),"25.045307,121.503979",
鑫武昌門市,便利商店(7-11),"25.044848,121.507197",
鑫青天門市,便利商店(7-11),"25.021672,121.502404",
鑫樂昇門市,便利商店(7-11),"25.045121,121.504788",
鑫寶門市,便利商店(7-11),"25.027372,121.493470",
鑽寶門市,便利商店(7-11),"25.026526,121.491753",
文一門市,便利商店(7-11),"24.980245,121.555760",
文山門市,便利商店(7-11),"24.986751,121.568931",
文忠門市,便利商店(7-11),"24.984599,121.562380",
文森門市,便利商店(7-11),"25.002226,121.542072",
文新門市,便利商店(7-11),"24.981162,121.558147",
文儀門市,便利商店(7-11),"24.982614,121.564063",
木柵門市,便利商店(7-11),"24.989113,121.562958",
木盛門市,便利商店(7-11),"24.988536,121.566929",
木新門市,便利商店(7-11),"24.983168,121.566689",
木鳴門市,便利商店(7-11),"24.988949,121.568236",
世成門市,便利商店(7-11),"24.987251,121.547904",
世和門市,便利商店(7-11),"24.986510,121.546157",
世新大門市,便利商店(7-11),"24.989247,121.544678",
仙岩門市,便利商店(7-11),"24.998561,121.548521",
北福興門市,便利商店(7-11),"25.002804,121.551392",
台師大門市,便利商店(7-11),"25.008059,121.536319",
巨新門市,便利商店(7-11),"24.983682,121.567478",
再興門市,便利商店(7-11),"24.989676,121.559878",
辛亥站門市,便利商店(7-11),"25.004490,121.556640",
和家門市,便利商店(7-11),"24.999267,121.574218",
忠順門市,便利商店(7-11),"24.983119,121.559339",
金恩門市,便利商店(7-11),"24.987419,121.577273",
指南門市,便利商店(7-11),"24.987688,121.569664",
政大門市,便利商店(7-11),"24.987804,121.575542",
政新門市,便利商店(7-11),"24.988652,121.573592",
動物園門市,便利商店(7-11),"24.998812,121.579608",
康喜門市,便利商店(7-11),"25.000271,121.555654",
添恩門市,便利商店(7-11),"24.985137,121.579901",
莘苑門市,便利商店(7-11),"24.990930,121.573823",
博嘉門市,便利商店(7-11),"24.997622,121.573775",
景中門市,便利商店(7-11),"24.990277,121.540934",
景高門市,便利商店(7-11),"24.997875,121.544545",
景捷門市,便利商店(7-11),"24.993451,121.540183",
景華門市,便利商店(7-11),"24.995793,121.547074",
景興門市,便利商店(7-11),"24.995084,121.544858",
華興門市,便利商店(7-11),"24.987990,121.554982",
隆合門市,便利商店(7-11),"25.002162,121.537333",
新安康門市,便利商店(7-11),"24.988586,121.559929",
新秀門市,便利商店(7-11),"24.991643,121.574145",
新萬盛門市,便利商店(7-11),"25.007884,121.538528",
新萬隆門市,便利商店(7-11),"25.000010,121.539438",
萬芳門市,便利商店(7-11),"25.000959,121.570669",
萬芳醫門市,便利商店(7-11),"24.999963,121.558387",
萬美門市,便利商店(7-11),"25.002163,121.567174",
萬隆站門市,便利商店(7-11),"25.001731,121.539261",
萬福門市,便利商店(7-11),"25.004655,121.536565",
試院門市,便利商店(7-11),"24.987633,121.550292",
鼎盛門市,便利商店(7-11),"24.991236,121.541405",
漢神門市,便利商店(7-11),"24.992714,121.544101",
滬江門市,便利商店(7-11),"24.991526,121.540046",
維德門市,便利商店(7-11),"24.986601,121.576683",
樟隆門市,便利商店(7-11),"24.986435,121.560811",
興北門市,便利商店(7-11),"24.999312,121.557376",
興佳門市,便利商店(7-11),"24.995571,121.561681",
興岩門市,便利商店(7-11),"25.000137,121.553185",
興芳門市,便利商店(7-11),"24.996426,121.560128",
興隆門市,便利商店(7-11),"25.000956,121.549919",
羅捷門市,便利商店(7-11),"24.992502,121.540836",
羅盛門市,便利商店(7-11),"24.995484,121.541394",
羅斯福門市,便利商店(7-11),"25.002325,121.538561",
三井門市,便利商店(7-11),"25.059345,121.617583",
中坡門市,便利商店(7-11),"25.042837,121.583626",
中貿門市,便利商店(7-11),"25.059421,121.615486",
玉成門市,便利商店(7-11),"25.054043,121.592162",
玉港門市,便利商店(7-11),"25.054494,121.592887",
玉德門市,便利商店(7-11),"25.045087,121.583643",
玉璽門市,便利商店(7-11),"25.053455,121.592285",
向揚門市,便利商店(7-11),"25.055919,121.594127",
庄研門市,便利商店(7-11),"25.038374,121.616866",
佳樂門市,便利商店(7-11),"25.054399,121.607650",
忠陽門市,便利商店(7-11),"25.050920,121.594070",
昆陽門市,便利商店(7-11),"25.050252,121.593992",
林坊門市,便利商店(7-11),"25.046305,121.587044",
南園二門市,便利商店(7-11),"25.057536,121.612011",
研究門市,便利商店(7-11),"25.047641,121.615517",
胡適門市,便利商店(7-11),"25.044149,121.615870",
重陽門市,便利商店(7-11),"25.056649,121.598628",
香城門市,便利商店(7-11),"25.055178,121.613308",
香榭門市,便利商店(7-11),"25.055510,121.595877",
凱松門市,便利商店(7-11),"25.050526,121.580271",
港育門市,便利商店(7-11),"25.047117,121.581580",
港泰門市,便利商店(7-11),"25.052247,121.604558",
港高鐵門市,便利商店(7-11),"25.052582,121.603681",
港捷門市,便利商店(7-11),"25.056063,121.617171",
港勝門市,便利商店(7-11),"25.056311,121.616344",
港德門市,便利商店(7-11),"25.039352,121.591760",
港寰門市,便利商店(7-11),"25.057967,121.606530",
港興門市,便利商店(7-11),"25.056866,121.605683",
港環球門市,便利商店(7-11),"25.053038,121.608036",
港麗門市,便利商店(7-11),"25.052536,121.604722",
華技門市,便利商店(7-11),"25.034820,121.614191",
雄強門市,便利商店(7-11),"25.049098,121.589022",
慈愛門市,便利商店(7-11),"25.057143,121.600903",
新福玉門市,便利商店(7-11),"25.041587,121.587829",
經貿門市,便利商店(7-11),"25.056119,121.613803",
聯成門市,便利商店(7-11),"25.049094,121.594184",
聯坊門市,便利商店(7-11),"25.046466,121.588323",
馥樺門市,便利商店(7-11),"25.059102,121.614137",
鵬馳門市,便利商店(7-11),"25.053227,121.589833",
耀港門市,便利商店(7-11),"25.051977,121.616235",
鑫貿門市,便利商店(7-11),"25.058890,121.616130",
大眾門市,便利商店(7-11),"25.073334,121.575066",
內湖威剛門市,便利商店(7-11),"25.061086,121.599984",
日內瓦門市,便利商店(7-11),"25.070196,121.580303",
台企門市,便利商店(7-11),"25.058315,121.587232",
民湖門市,便利商店(7-11),"25.068298,121.585924",
民龍門市,便利商店(7-11),"25.060813,121.575204",
民醫門市,便利商店(7-11),"25.069854,121.592779",
全球門市,便利商店(7-11),"25.064378,121.583186",
名寶門市,便利商店(7-11),"25.068245,121.592892",
安保門市,便利商店(7-11),"25.062409,121.593711",
安美門市,便利商店(7-11),"25.061750,121.593984",
成功門市,便利商店(7-11),"25.066119,121.590366",
成竹門市,便利商店(7-11),"25.083635,121.594646",
成美門市,便利商店(7-11),"25.056887,121.584550",
成湖門市,便利商店(7-11),"25.084854,121.599662",
行美門市,便利商店(7-11),"25.059685,121.581699",
行真門市,便利商店(7-11),"25.063201,121.587377",
行善門市,便利商店(7-11),"25.064635,121.585363",
西武門市,便利商店(7-11),"25.084604,121.566976",
西湖門市,便利商店(7-11),"25.082263,121.567783",
克里斯門市,便利商店(7-11),"25.067733,121.613362",
秀湖門市,便利商店(7-11),"25.084554,121.600053",
見晴門市,便利商店(7-11),"25.074982,121.576948",
里昂門市,便利商店(7-11),"25.078199,121.570641",
明湖門市,便利商店(7-11),"25.068865,121.614071",
東湖門市,便利商店(7-11),"25.067211,121.615814",
欣福門市,便利商店(7-11),"25.067533,121.587896",
金湖門市,便利商店(7-11),"25.086572,121.564214",
金雲門市,便利商店(7-11),"25.079848,121.594971",
金碧門市,便利商店(7-11),"25.088377,121.586973",
金德門市,便利商店(7-11),"25.084383,121.595079",
金龍門市,便利商店(7-11),"25.084528,121.593309",
金聯發門市,便利商店(7-11),"25.085967,121.590125",
長鴻門市,便利商店(7-11),"25.088435,121.599410",
星台門市,便利商店(7-11),"25.060327,121.588588",
星成門市,便利商店(7-11),"25.078226,121.590597",
洲子門市,便利商店(7-11),"25.079267,121.568966",
悅來門市,便利商店(7-11),"25.067765,121.612443",
晏揚門市,便利商店(7-11),"25.072662,121.610787",
泰樂門市,便利商店(7-11),"25.073374,121.618247",
參龍門市,便利商店(7-11),"25.058593,121.576222",
國企門市,便利商店(7-11),"25.057912,121.577704",
國醫門市,便利商店(7-11),"25.071908,121.593622",
康明門市,便利商店(7-11),"25.071378,121.612374",
康雲門市,便利商店(7-11),"25.078978,121.594443",
康葫門市,便利商店(7-11),"25.071936,121.606440",
康寧門市,便利商店(7-11),"25.072185,121.607934",
康醫門市,便利商店(7-11),"25.075598,121.608619",
彩龍門市,便利商店(7-11),"25.056893,121.576433",
清圳門市,便利商店(7-11),"25.072068,121.615610",
堤頂門市,便利商店(7-11),"25.080680,121.563235",
富港門市,便利商店(7-11),"25.082040,121.578087",
港華門市,便利商店(7-11),"25.083033,121.574790",
港鑫門市,便利商店(7-11),"25.079726,121.578727",
湖光門市,便利商店(7-11),"25.079757,121.565585",
紫陽門市,便利商店(7-11),"25.074963,121.585200",
紫雲門市,便利商店(7-11),"25.078875,121.598312",
紫新門市,便利商店(7-11),"25.080297,121.591609",
紫德門市,便利商店(7-11),"25.077237,121.584742",
華經門市,便利商店(7-11),"25.065267,121.577601",
匯陽門市,便利商店(7-11),"25.072843,121.575629",
新潭美門市,便利商店(7-11),"25.054867,121.581064",
毓鄰門市,便利商店(7-11),"25.062924,121.579607",
瑞江門市,便利商店(7-11),"25.076249,121.579009",
瑞和門市,便利商店(7-11),"25.075833,121.573272",
瑞東門市,便利商店(7-11),"25.080078,121.570590",
瑞富門市,便利商店(7-11),"25.074075,121.576059",
瑞景門市,便利商店(7-11),"25.080753,121.568339",
瑞湖門市,便利商店(7-11),"25.076165,121.575454",
瑞寶門市,便利商店(7-11),"25.080918,121.568115",
瑞鑫門市,便利商店(7-11),"25.080175,121.566309",
瑞鑽門市,便利商店(7-11),"25.078288,121.568673",
達人門市,便利商店(7-11),"25.082000,121.589663",
碧綠門市,便利商店(7-11),"25.086114,121.591933",
福湖門市,便利商店(7-11),"25.082437,121.571291",
墘都門市,便利商店(7-11),"25.079905,121.575809",
墘運門市,便利商店(7-11),"25.078233,121.575154",
墘麗門市,便利商店(7-11),"25.082152,121.579081",
德成門市,便利商店(7-11),"25.082379,121.590612",
德瑞門市,便利商店(7-11),"25.079529,121.572034",
德福門市,便利商店(7-11),"25.082275,121.591748",
德馨門市,便利商店(7-11),"25.079060,121.573387",
數位門市,便利商店(7-11),"25.063513,121.589891",
樂湖門市,便利商店(7-11),"25.068204,121.615814",
樂陽門市,便利商店(7-11),"25.073353,121.578318",
銳陽門市,便利商店(7-11),"25.076813,121.580467",
環武門市,便利商店(7-11),"25.083088,121.565400",
環金門市,便利商店(7-11),"25.084164,121.576368",
環湖門市,便利商店(7-11),"25.086626,121.566875",
鴻瑞門市,便利商店(7-11),"25.077407,121.575081",
麗安門市,便利商店(7-11),"25.081342,121.572277",
麗港門市,便利商店(7-11),"25.080463,121.579388",
寶湖門市,便利商店(7-11),"25.068081,121.592560",
瓏山林門市,便利商店(7-11),"25.073432,121.619673",
瓏馬門市,便利商店(7-11),"25.075874,121.620648",
馨瑩門市,便利商店(7-11),"25.084548,121.561294",
權金門市,便利商店(7-11),"25.073409,121.604391",
權湖門市,便利商店(7-11),"25.067134,121.597831",
鑫文德門市,便利商店(7-11),"25.078726,121.583371",
鑫江南門市,便利商店(7-11),"25.078099,121.578164",
鑫碁泰門市,便利商店(7-11),"25.072353,121.608259",
鑫輝煌門市,便利商店(7-11),"25.069845,121.617076",
三玉門市,便利商店(7-11),"25.118061,121.535807",
三樂門市,便利商店(7-11),"25.084129,121.522695",
士東門市,便利商店(7-11),"25.111857,121.527654",
士福門市,便利商店(7-11),"25.095257,121.526407",
大饌門市,便利商店(7-11),"25.089475,121.525235",
丹樺門市,便利商店(7-11),"25.097251,121.524099",
友成門市,便利商店(7-11),"25.091105,121.508421",
天北門市,便利商店(7-11),"25.118781,121.527473",
天東門市,便利商店(7-11),"25.118703,121.531242",
天美門市,便利商店(7-11),"25.114359,121.530124",
天真門市,便利商店(7-11),"25.123138,121.531436",
天越門市,便利商店(7-11),"25.116888,121.533244",
天裕門市,便利商店(7-11),"25.124054,121.532660",
天福門市,便利商店(7-11),"25.116464,121.531653",
天鑫門市,便利商店(7-11),"25.119751,121.527006",
太學門市,便利商店(7-11),"25.137791,121.541887",
文大門市,便利商店(7-11),"25.137934,121.546486",
文林門市,便利商店(7-11),"25.089878,121.526590",
文學門市,便利商店(7-11),"25.137299,121.541610",
日美門市,便利商店(7-11),"25.114463,121.527246",
冬樂門市,便利商店(7-11),"25.097087,121.519636",
永倫門市,便利商店(7-11),"25.092049,121.503403",
至善天下門市,便利商店(7-11),"25.100437,121.550925",
至誠門市,便利商店(7-11),"25.101810,121.529259",
兒樂門市,便利商店(7-11),"25.093999,121.514600",
承河門市,便利商店(7-11),"25.089097,121.522847",
承富門市,便利商店(7-11),"25.081019,121.522770",
東吳門市,便利商店(7-11),"25.094324,121.545802",
東洋門市,便利商店(7-11),"25.118896,121.532398",
社子島門市,便利商店(7-11),"25.107904,121.471115",
社中門市,便利商店(7-11),"25.092423,121.505185",
社正門市,便利商店(7-11),"25.089091,121.510714",
社鑫門市,便利商店(7-11),"25.087443,121.507479",
社鑽門市,便利商店(7-11),"25.086206,121.508208",
芝山門市,便利商店(7-11),"25.102871,121.522863",
芝玉門市,便利商店(7-11),"25.107718,121.532808",
前港門市,便利商店(7-11),"25.085879,121.521541",
前德門市,便利商店(7-11),"25.084828,121.522347",
洲美門市,便利商店(7-11),"25.093424,121.498221",
珍饌門市,便利商店(7-11),"25.088459,121.526516",
海光門市,便利商店(7-11),"25.079794,121.510854",
草山門市,便利商店(7-11),"25.136941,121.546449",
通河門市,便利商店(7-11),"25.081175,121.520438",
凱立門市,便利商店(7-11),"25.105828,121.531340",
華岡門市,便利商店(7-11),"25.136886,121.541482",
華齡門市,便利商店(7-11),"25.083135,121.519337",
集鑫門市,便利商店(7-11),"25.089297,121.505077",
新士林門市,便利商店(7-11),"25.091682,121.525449",
新天強門市,便利商店(7-11),"25.108799,121.524484",
新文門市,便利商店(7-11),"25.096115,121.521305",
新忠誠門市,便利商店(7-11),"25.104034,121.526761",
新承德門市,便利商店(7-11),"25.080383,121.522042",
新福慶門市,便利商店(7-11),"25.086269,121.524946",
新劍潭門市,便利商店(7-11),"25.084292,121.517477",
葫東門市,便利商店(7-11),"25.084220,121.510040",
葫蘆門市,便利商店(7-11),"25.082034,121.510487",
誠義門市,便利商店(7-11),"25.105707,121.528778",
福正門市,便利商店(7-11),"25.094685,121.523790",
福志門市,便利商店(7-11),"25.098488,121.532260",
福芝門市,便利商店(7-11),"25.102057,121.522372",
福氣門市,便利商店(7-11),"25.089307,121.507855",
福國路門市,便利商店(7-11),"25.101910,121.524486",
福捷門市,便利商店(7-11),"25.094826,121.526054",
福通門市,便利商店(7-11),"25.089629,121.515860",
福陽門市,便利商店(7-11),"25.085355,121.509577",
福順門市,便利商店(7-11),"25.083901,121.511588",
福溢門市,便利商店(7-11),"25.104145,121.521269",
福榮門市,便利商店(7-11),"25.095529,121.526092",
福鑫門市,便利商店(7-11),"25.094652,121.522541",
聚鑫門市,便利商店(7-11),"25.090737,121.501247",
銘傳門市,便利商店(7-11),"25.086292,121.528489",
齊德門市,便利商店(7-11),"25.118573,121.524902",
劍潭站門市,便利商店(7-11),"25.084425,121.525126",
德天門市,便利商店(7-11),"25.105272,121.522989",
德行門市,便利商店(7-11),"25.109080,121.530636",
德東門市,便利商店(7-11),"25.109746,121.534693",
德芝門市,便利商店(7-11),"25.112439,121.537525",
德華門市,便利商店(7-11),"25.100857,121.522184",
德誠門市,便利商店(7-11),"25.107814,121.528702",
德寶門市,便利商店(7-11),"25.110994,121.528859",
豫鋒門市,便利商店(7-11),"25.088952,121.518275",
豐基門市,便利商店(7-11),"25.094805,121.518590",
蘭雅門市,便利商店(7-11),"25.106284,121.525359",
鑫仰德門市,便利商店(7-11),"25.118849,121.552876",
鑫成門市,便利商店(7-11),"25.101557,121.527802",
鑫港門市,便利商店(7-11),"25.088391,121.520599",
一德門市,便利商店(7-11),"25.128150,121.468456",
大中門市,便利商店(7-11),"25.130534,121.501056",
大同門市,便利商店(7-11),"25.133224,121.499225",
中華賓士門市,便利商店(7-11),"25.124541,121.468870",
中陽門市,便利商店(7-11),"25.137918,121.484900",
公館門市,便利商店(7-11),"25.133059,121.503115",
友華門市,便利商店(7-11),"25.103626,121.512513",
天富門市,便利商店(7-11),"25.113726,121.523837",
文林北門市,便利商店(7-11),"25.109033,121.513454",
加賀屋門市,便利商店(7-11),"25.135693,121.506172",
北投門市,便利商店(7-11),"25.139090,121.501790",
北投石牌門市,便利商店(7-11),"25.113405,121.508698",
北投光明門市,便利商店(7-11),"25.135600,121.503232",
北投奇岩門市,便利商店(7-11),"25.125111,121.500473",
北榮門市,便利商店(7-11),"25.120184,121.520160",
石捷門市,便利商店(7-11),"25.115351,121.515502",
立陽門市,便利商店(7-11),"25.118701,121.516234",
立農門市,便利商店(7-11),"25.118635,121.502749",
光中門市,便利商店(7-11),"25.133288,121.501821",
光寶門市,便利商店(7-11),"25.133616,121.502160",
安遠門市,便利商店(7-11),"25.117452,121.512955",
百齡門市,便利商店(7-11),"25.113202,121.510283",
行義門市,便利商店(7-11),"25.123024,121.525004",
西安門市,便利商店(7-11),"25.130170,121.499361",
秀山門市,便利商店(7-11),"25.145283,121.495171",
和信醫門市,便利商店(7-11),"25.128370,121.472414",
和業門市,便利商店(7-11),"25.137517,121.503438",
和碩門市,便利商店(7-11),"25.124844,121.471453",
奇岩門市,便利商店(7-11),"25.126287,121.501475",
岩投門市,便利商店(7-11),"25.126366,121.507939",
明華門市,便利商店(7-11),"25.109460,121.519411",
明德門市,便利商店(7-11),"25.109879,121.520245",
東華門市,便利商店(7-11),"25.116486,121.517952",
知心門市,便利商店(7-11),"25.119251,121.466162",
金和門市,便利商店(7-11),"25.141050,121.499919",
政戰門市,便利商店(7-11),"25.136464,121.496048",
泉北門市,便利商店(7-11),"25.135226,121.504897",
泉源門市,便利商店(7-11),"25.140187,121.506521",
致遠門市,便利商店(7-11),"25.114053,121.512396",
振華門市,便利商店(7-11),"25.116865,121.516329",
振興醫門市,便利商店(7-11),"25.117715,121.522374",
商城門市,便利商店(7-11),"25.114740,121.517384",
清江門市,便利商店(7-11),"25.128990,121.506649",
統勝門市,便利商店(7-11),"25.110590,121.514648",
富邦門市,便利商店(7-11),"25.114959,121.508177",
復興崗門市,便利商店(7-11),"25.137477,121.494425",
華碩二門市,便利商店(7-11),"25.126562,121.470410",
陽明門市,便利商店(7-11),"25.119674,121.513320",
新和碩門市,便利商店(7-11),"25.127216,121.473369",
新豪美門市,便利商店(7-11),"25.105640,121.517646",
榮陽門市,便利商店(7-11),"25.113651,121.515748",
榮總門市,便利商店(7-11),"25.121492,121.522754",
榮護門市,便利商店(7-11),"25.118622,121.518185",
福致門市,便利商店(7-11),"25.112015,121.513637",
福瀛門市,便利商店(7-11),"25.120688,121.505369",
德致門市,便利商店(7-11),"25.109047,121.518749",
擎天崗門市,便利商店(7-11),"25.152493,121.547476",
薇閣門市,便利商店(7-11),"25.134852,121.499545",
雙全門市,便利商店(7-11),"25.137221,121.500961",
懷得門市,便利商店(7-11),"25.114096,121.519656",
關渡門市,便利商店(7-11),"25.121540,121.467483",
關渡站門市,便利商店(7-11),"25.125037,121.467181",
鐏賢門市,便利商店(7-11),"25.117453,121.506854",
